timestamp,EAR,blink_count,yawn_count,fatigue_level
2025-12-18 14:41:32,0.38034171132988126,0,0,0.0
2025-12-18 14:41:32,0.36252623086010327,0,0,0.0
2025-12-18 14:41:32,0.3884452047600492,0,0,0.0
2025-12-18 14:41:32,0.3884452047600492,0,0,0.0
2025-12-18 14:41:32,0.3811193095433565,0,0,0.0
2025-12-18 14:41:32,0.3461061590849034,0,0,0.0
2025-12-18 14:41:32,0.3461061590849034,0,0,0.0
2025-12-18 14:41:32,0.35754764649954374,0,0,0.0
2025-12-18 14:41:32,0.37575267421288905,0,0,0.0
2025-12-18 14:41:32,0.37575267421288905,0,0,0.0
2025-12-18 14:41:32,0.2974788311654498,0,0,0.0
2025-12-18 14:41:32,0.24790542980753008,0,0,0.0
2025-12-18 14:41:33,0.24790542980753008,0,0,0.0
2025-12-18 14:41:33,0.26975123128416767,0,0,0.0
2025-12-18 14:41:33,0.26975123128416767,0,0,0.0
2025-12-18 14:41:33,0.36762996251585167,0,0,0.0
2025-12-18 14:41:33,0.33480055181862556,0,0,0.0
2025-12-18 14:41:33,0.33480055181862556,0,0,0.0
2025-12-18 14:41:33,0.29668121248965307,0,0,0.0
2025-12-18 14:41:33,0.29668121248965307,0,0,0.0
2025-12-18 14:41:33,0.28695245118878354,0,0,0.0
2025-12-18 14:41:33,0.29521941761830184,0,0,0.0
2025-12-18 14:41:33,0.29521941761830184,0,0,0.0
2025-12-18 14:41:33,0.32959085061759263,0,0,0.0
2025-12-18 14:41:33,0.32959085061759263,0,0,0.0
2025-12-18 14:41:33,0.342638292304417,0,0,0.0
2025-12-18 14:41:33,0.342638292304417,0,0,0.0
2025-12-18 14:41:33,0.29247714361884936,0,0,0.0
2025-12-18 14:41:33,0.28831009505471755,0,0,0.0
2025-12-18 14:41:33,0.28831009505471755,0,0,0.0
2025-12-18 14:41:33,0.27593020754541037,0,0,0.0
2025-12-18 14:41:33,0.27593020754541037,0,0,0.0
2025-12-18 14:41:33,0.27256819624594186,0,0,0.0
2025-12-18 14:41:34,0.27256819624594186,0,0,0.0
2025-12-18 14:41:34,0.24700557731995132,0,0,0.0
2025-12-18 14:41:34,0.29355435898437054,0,0,0.0
2025-12-18 14:41:34,0.29355435898437054,0,0,0.0
2025-12-18 14:41:34,0.3177574711305008,0,0,0.0
2025-12-18 14:41:34,0.3177574711305008,0,0,0.0
2025-12-18 14:41:34,0.3346064425189549,0,0,0.0
2025-12-18 14:41:34,0.3346064425189549,0,0,0.0
2025-12-18 14:41:34,0.3058491733391447,0,0,0.0
2025-12-18 14:41:34,0.2836718613234745,0,0,0.0
2025-12-18 14:41:34,0.2836718613234745,0,0,0.0
2025-12-18 14:41:34,0.2605154494664684,0,0,0.0
2025-12-18 14:41:34,0.2605154494664684,0,0,0.0
2025-12-18 14:41:34,0.3050298510257501,0,0,0.0
2025-12-18 14:41:34,0.3050298510257501,0,0,0.0
2025-12-18 14:41:34,0.34955693023630224,0,0,0.0
2025-12-18 14:41:34,0.3306124540386742,0,0,0.0
2025-12-18 14:41:34,0.3306124540386742,0,0,0.0
2025-12-18 14:41:34,0.2860966711609989,0,0,0.0
2025-12-18 14:41:35,0.2639777210484182,0,0,0.0
2025-12-18 14:41:35,0.2639777210484182,0,0,0.0
2025-12-18 14:41:35,0.30376665175137474,0,0,0.0
2025-12-18 14:41:35,0.30376665175137474,0,0,0.0
2025-12-18 14:41:35,0.3387220530867281,0,0,0.0
2025-12-18 14:41:35,0.34716888081598707,0,0,0.0
2025-12-18 14:41:35,0.34716888081598707,0,0,0.0
2025-12-18 14:41:35,0.34289754747348555,0,0,0.0
2025-12-18 14:41:35,0.34289754747348555,0,0,0.0
2025-12-18 14:41:35,0.26354776783228984,0,0,0.0
2025-12-18 14:41:35,0.24666080247173117,0,0,0.0
2025-12-18 14:41:35,0.3333396065778536,0,0,0.0
2025-12-18 14:41:35,0.3439126537068364,0,0,0.0
2025-12-18 14:41:35,0.3439126537068364,0,0,0.0
2025-12-18 14:41:35,0.36190934195581154,0,0,0.0
2025-12-18 14:41:35,0.328308023646494,0,0,0.0
2025-12-18 14:41:35,0.2677780840370565,0,0,0.0
2025-12-18 14:41:35,0.2718233546580392,0,0,0.0
2025-12-18 14:41:36,0.3397588950764298,0,0,0.0
2025-12-18 14:41:36,0.3397588950764298,0,0,0.0
2025-12-18 14:41:36,0.36050286691688527,0,0,0.0
2025-12-18 14:41:36,0.36050286691688527,0,0,0.0
2025-12-18 14:41:36,0.3718366385078269,0,0,0.0
2025-12-18 14:41:36,0.3565862186664559,0,0,0.0
2025-12-18 14:41:36,0.37743607247797417,0,0,0.0
2025-12-18 14:41:36,0.37743607247797417,0,0,0.0
2025-12-18 14:41:36,0.39086894503804437,0,0,0.0
2025-12-18 14:41:36,0.3782978814296213,0,0,0.0
2025-12-18 14:41:36,0.3782978814296213,0,0,0.0
2025-12-18 14:41:36,0.3709750834269404,0,0,0.0
2025-12-18 14:41:36,0.3603884190566752,0,0,0.0
2025-12-18 14:41:36,0.3603884190566752,0,0,0.0
2025-12-18 14:41:36,0.3603884190566752,0,0,0.0
2025-12-18 14:41:36,0.37591608058648285,0,0,0.0
2025-12-18 14:41:36,0.26759727859278337,0,0,0.0
2025-12-18 14:41:36,0.30131644330153123,0,0,0.0
2025-12-18 14:41:36,0.30131644330153123,0,0,0.0
2025-12-18 14:41:36,0.3308431824710639,0,0,0.0
2025-12-18 14:41:37,0.4487836094838824,0,0,0.0
2025-12-18 14:41:37,0.0,0,0,0.0
2025-12-18 14:41:37,0.0,0,0,0.0
2025-12-18 14:41:37,0.0,0,0,0.0
2025-12-18 14:41:37,0.0,0,0,0.0
2025-12-18 14:41:37,0.0,0,0,0.0
2025-12-18 14:41:37,0.0,0,0,0.0
2025-12-18 14:41:37,0.0,0,0,0.0
2025-12-18 14:41:37,0.0,0,0,0.0
2025-12-18 14:41:37,0.0,0,0,0.0
2025-12-18 14:41:37,0.0,0,0,0.0
2025-12-18 14:41:37,0.0,0,0,0.0
2025-12-18 14:41:37,0.0,0,0,0.0
2025-12-18 14:41:37,0.0,0,0,0.0
2025-12-18 14:41:37,0.0,0,0,0.0
2025-12-18 14:41:37,0.0,0,0,0.0
2025-12-18 14:41:37,0.0,0,0,0.0
2025-12-18 14:41:37,0.0,0,0,0.0
2025-12-18 14:41:37,0.0,0,0,0.0
2025-12-18 14:41:37,0.0,0,0,0.0
2025-12-18 14:41:37,0.0,0,0,0.0
2025-12-18 14:41:38,0.0,0,0,0.0
2025-12-18 14:41:38,0.0,0,0,0.0
2025-12-18 14:41:38,0.0,0,0,0.0
2025-12-18 14:41:38,0.0,0,0,0.0
2025-12-18 14:41:38,0.0,0,0,0.0
2025-12-18 14:41:38,0.0,0,0,0.0
2025-12-18 14:41:38,0.0,0,0,0.0
2025-12-18 14:41:38,0.0,0,0,0.0
2025-12-18 14:41:38,0.0,0,0,0.0
2025-12-18 14:41:38,0.0,0,0,0.0
2025-12-18 14:41:38,0.0,0,0,0.0
2025-12-18 14:41:38,0.0,0,0,0.0
2025-12-18 14:41:38,0.0,0,0,0.0
2025-12-18 14:41:38,0.0,0,0,0.0
2025-12-18 14:41:38,0.0,0,0,0.0
2025-12-18 14:41:38,0.0,0,0,0.0
2025-12-18 14:41:38,0.0,0,0,0.0
2025-12-18 14:41:38,0.0,0,0,0.0
2025-12-18 14:41:38,0.0,0,0,0.0
2025-12-18 14:41:38,0.0,0,0,0.0
2025-12-18 14:41:39,0.0,0,0,0.0
2025-12-18 14:41:39,0.0,0,0,0.0
2025-12-18 14:41:39,0.0,0,0,0.0
2025-12-18 14:41:39,0.0,0,0,0.0
2025-12-18 14:41:39,0.0,0,0,0.0
2025-12-18 14:41:39,0.0,0,0,0.0
2025-12-18 14:41:39,0.0,0,0,0.0
2025-12-18 14:41:39,0.0,0,0,0.0
2025-12-18 14:41:39,0.0,0,0,0.0
2025-12-18 14:41:39,0.0,0,0,0.0
2025-12-18 14:41:39,0.0,0,0,0.0
2025-12-18 14:41:39,0.0,0,0,0.0
2025-12-18 14:41:39,0.0,0,0,0.0
2025-12-18 14:41:39,0.457909590885638,0,0,0.0
2025-12-18 14:41:39,0.4701946379082535,0,0,0.0
2025-12-18 14:41:39,0.4550733907528476,0,0,0.0
2025-12-18 14:41:39,0.4550733907528476,0,0,0.0
2025-12-18 14:41:39,0.40382344260825265,0,0,0.0
2025-12-18 14:41:39,0.40382344260825265,0,0,0.0
2025-12-18 14:41:40,0.40755114605224824,0,0,0.0
2025-12-18 14:41:40,0.39987564911679596,0,0,0.0
2025-12-18 14:41:40,0.41827637679350804,0,0,0.0
2025-12-18 14:41:40,0.39655282733446906,0,0,0.0
2025-12-18 14:41:40,0.39655282733446906,0,0,0.0
2025-12-18 14:41:40,0.40782672527617586,0,0,0.0
2025-12-18 14:41:40,0.40782672527617586,0,0,0.0
2025-12-18 14:41:40,0.3954260558580868,0,0,0.0
2025-12-18 14:41:40,0.3954260558580868,0,0,0.0
2025-12-18 14:41:40,0.3970671861013482,0,0,0.0
2025-12-18 14:41:40,0.4105509412160646,0,0,0.0
2025-12-18 14:41:40,0.4105509412160646,0,0,0.0
2025-12-18 14:41:40,0.3882024748989454,0,0,0.0
2025-12-18 14:41:40,0.3882024748989454,0,0,0.0
2025-12-18 14:41:40,0.38411833615244584,0,0,0.0
2025-12-18 14:41:40,0.3806488452277852,0,0,0.0
2025-12-18 14:41:40,0.3738521624799153,0,0,0.0
2025-12-18 14:41:40,0.3738521624799153,0,0,0.0
2025-12-18 14:41:40,0.3738521624799153,0,0,0.0
2025-12-18 14:41:40,0.2792207792207792,0,0,0.0
2025-12-18 14:41:41,0.26931242568870584,0,0,0.0
2025-12-18 14:41:41,0.26931242568870584,0,0,0.0
2025-12-18 14:41:41,0.34621720195103994,0,0,0.0
2025-12-18 14:41:41,0.34621720195103994,0,0,0.0
2025-12-18 14:41:41,0.37462943766751694,0,0,0.0
2025-12-18 14:41:41,0.3851780231063442,0,0,0.0
2025-12-18 14:41:41,0.3864350450325291,0,0,0.0
2025-12-18 14:41:41,0.347682300441267,0,0,0.0
2025-12-18 14:41:41,0.347682300441267,0,0,0.0
2025-12-18 14:41:41,0.3195601785315259,0,0,0.0
2025-12-18 14:41:41,0.3195601785315259,0,0,0.0
2025-12-18 14:41:41,0.27509111090710414,0,0,0.0
2025-12-18 14:41:41,0.28842493514517953,0,0,0.0
2025-12-18 14:41:41,0.28842493514517953,0,0,0.0
2025-12-18 14:41:41,0.3671599387047374,0,0,0.0
2025-12-18 14:41:41,0.3671599387047374,0,0,0.0
2025-12-18 14:41:41,0.37518152518650905,0,0,0.0
2025-12-18 14:41:41,0.37518152518650905,0,0,0.0
2025-12-18 14:41:41,0.38638407543295405,0,0,0.0
2025-12-18 14:41:41,0.33690138522500424,0,0,0.0
2025-12-18 14:41:42,0.25206570504421594,0,0,0.0
2025-12-18 14:41:42,0.25206570504421594,0,0,0.0
2025-12-18 14:41:42,0.25206570504421594,0,0,0.0
2025-12-18 14:41:42,0.34002436304351924,0,0,0.0
2025-12-18 14:41:42,0.3826299528736028,0,0,0.0
2025-12-18 14:41:42,0.3826299528736028,0,0,0.0
2025-12-18 14:41:42,0.39576975199084136,0,0,0.0
2025-12-18 14:41:42,0.39576975199084136,0,0,0.0
2025-12-18 14:41:42,0.3483583763852125,0,0,0.0
2025-12-18 14:41:42,0.32329364992879484,0,0,0.0
2025-12-18 14:41:42,0.32329364992879484,0,0,0.0
2025-12-18 14:41:42,0.32641401981748464,0,0,0.0
2025-12-18 14:41:42,0.32641401981748464,0,0,0.0
2025-12-18 14:41:42,0.2740404972836431,0,0,0.0
2025-12-18 14:41:42,0.3483564710476223,0,0,0.0
2025-12-18 14:41:42,0.3483564710476223,0,0,0.0
2025-12-18 14:41:42,0.3620047404020975,0,0,0.0
2025-12-18 14:41:42,0.3620047404020975,0,0,0.0
2025-12-18 14:41:42,0.36606585595171637,0,0,0.0
2025-12-18 14:41:43,0.3806272955313285,0,0,0.0
2025-12-18 14:41:43,0.3806272955313285,0,0,0.0
2025-12-18 14:41:43,0.3817899161468209,0,0,0.0
2025-12-18 14:41:43,0.3817899161468209,0,0,0.0
2025-12-18 14:41:43,0.3758790638902284,0,0,0.0
2025-12-18 14:41:43,0.3758790638902284,0,0,0.0
2025-12-18 14:41:43,0.38018632470502917,0,0,0.0
2025-12-18 14:41:43,0.37498379193132536,0,0,0.0
2025-12-18 14:41:43,0.37498379193132536,0,0,0.0
2025-12-18 14:41:43,0.3650930159837904,0,0,0.0
2025-12-18 14:41:43,0.3650930159837904,0,0,0.0
2025-12-18 14:41:43,0.27692957200614216,0,0,0.0
2025-12-18 14:41:43,0.27692957200614216,0,0,0.0
2025-12-18 14:41:43,0.3571053313013196,0,0,0.0
2025-12-18 14:41:43,0.35424866059222754,0,0,0.0
2025-12-18 14:41:43,0.35424866059222754,0,0,0.0
2025-12-18 14:41:43,0.3530052608146339,0,0,0.0
2025-12-18 14:41:43,0.3530052608146339,0,0,0.0
2025-12-18 14:41:43,0.3631162236660127,0,0,0.0
2025-12-18 14:41:43,0.36300216392418977,0,0,0.0
2025-12-18 14:41:43,0.36300216392418977,0,0,0.0
2025-12-18 14:41:44,0.38498171596382286,0,0,0.0
2025-12-18 14:41:44,0.38498171596382286,0,0,0.0
2025-12-18 14:41:44,0.3728622924842101,0,0,0.0
2025-12-18 14:41:44,0.37011613324366893,0,0,0.0
2025-12-18 14:41:44,0.37011613324366893,0,0,0.0
2025-12-18 14:41:44,0.37358701829622176,0,0,0.0
2025-12-18 14:41:44,0.37358701829622176,0,0,0.0
2025-12-18 14:41:44,0.3918617075908485,0,0,0.0
2025-12-18 14:41:44,0.3918617075908485,0,0,0.0
2025-12-18 14:41:44,0.3423355652617841,0,0,0.0
2025-12-18 14:41:44,0.24275264772592822,0,0,0.0
2025-12-18 14:41:44,0.24275264772592822,0,0,0.0
2025-12-18 14:41:44,0.2913822870030151,0,0,0.0
2025-12-18 14:41:44,0.2913822870030151,0,0,0.0
2025-12-18 14:41:44,0.3245581029258232,0,0,0.0
2025-12-18 14:41:44,0.3063742390571681,0,0,0.0
2025-12-18 14:41:44,0.3063742390571681,0,0,0.0
2025-12-18 14:41:44,0.31327721728269137,0,0,0.0
2025-12-18 14:41:44,0.31327721728269137,0,0,0.0
2025-12-18 14:41:45,0.3232818060587205,0,0,0.0
2025-12-18 14:41:45,0.3232818060587205,0,0,0.0
2025-12-18 14:41:45,0.33593168002732304,0,0,0.0
2025-12-18 14:41:45,0.3008898952951329,0,0,0.0
2025-12-18 14:41:45,0.3008898952951329,0,0,0.0
2025-12-18 14:41:45,0.20529925397952276,0,0,0.0
2025-12-18 14:41:45,0.20529925397952276,0,0,0.0
2025-12-18 14:41:45,0.28550304809599447,0,0,0.0
2025-12-18 14:41:45,0.32088177608158786,0,0,0.0
2025-12-18 14:41:45,0.32088177608158786,0,0,0.0
2025-12-18 14:41:45,0.33592584643229995,0,0,0.0
2025-12-18 14:41:45,0.33592584643229995,0,0,0.0
2025-12-18 14:41:45,0.22637806391206278,0,0,0.0
2025-12-18 14:41:45,0.19723148316072878,0,0,0.0
2025-12-18 14:41:45,0.19723148316072878,0,0,0.0
2025-12-18 14:41:45,0.2484523461425503,0,0,0.0
2025-12-18 14:41:45,0.2484523461425503,0,0,0.0
2025-12-18 14:41:45,0.2827280403432436,1,0,10.0
2025-12-18 14:41:45,0.2827280403432436,1,0,10.0
2025-12-18 14:41:45,0.21733724907171165,1,0,10.0
2025-12-18 14:41:46,0.20473227085283618,1,0,10.0
2025-12-18 14:41:46,0.20473227085283618,1,0,10.0
2025-12-18 14:41:46,0.22886024447715464,1,0,10.0
2025-12-18 14:41:46,0.22886024447715464,1,0,10.0
2025-12-18 14:41:46,0.3344641470703634,2,0,20.0
2025-12-18 14:41:46,0.21945030387248196,2,0,20.0
2025-12-18 14:41:46,0.21945030387248196,2,0,20.0
2025-12-18 14:41:46,0.203907157335951,2,0,20.0
2025-12-18 14:41:46,0.203907157335951,2,0,20.0
2025-12-18 14:41:46,0.2460513621393219,2,0,20.0
2025-12-18 14:41:46,0.32734932739420936,3,0,30.0
2025-12-18 14:41:46,0.32734932739420936,3,0,30.0
2025-12-18 14:41:46,0.19122264300323044,3,0,30.0
2025-12-18 14:41:46,0.19122264300323044,3,0,30.0
2025-12-18 14:41:46,0.3454953040878874,3,0,30.0
2025-12-18 14:41:46,0.36924754678396954,3,0,30.0
2025-12-18 14:41:46,0.36924754678396954,3,0,30.0
2025-12-18 14:41:46,0.38276496726033216,3,0,30.0
2025-12-18 14:41:46,0.38276496726033216,3,0,30.0
2025-12-18 14:41:47,0.2851899755912681,3,0,30.0
2025-12-18 14:41:47,0.2851899755912681,3,0,30.0
2025-12-18 14:41:47,0.257442401398018,3,0,30.0
2025-12-18 14:41:47,0.3253577369929456,3,0,30.0
2025-12-18 14:41:47,0.3253577369929456,3,0,30.0
2025-12-18 14:41:47,0.2609215583290986,3,0,30.0
2025-12-18 14:41:47,0.2609215583290986,3,0,30.0
2025-12-18 14:41:47,0.1972461048256267,3,0,30.0
2025-12-18 14:41:47,0.1972461048256267,3,0,30.0
2025-12-18 14:41:47,0.2871463629740014,3,0,30.0
2025-12-18 14:41:47,0.31741673894255484,3,0,30.0
2025-12-18 14:41:47,0.31741673894255484,3,0,30.0
2025-12-18 14:41:47,0.3698762947684602,3,0,30.0
2025-12-18 14:41:47,0.19027454559421247,3,0,30.0
2025-12-18 14:41:47,0.19027454559421247,3,0,30.0
2025-12-18 14:41:47,0.23642364590138717,3,0,30.0
2025-12-18 14:41:47,0.23642364590138717,3,0,30.0
2025-12-18 14:41:47,0.27354345735186775,4,0,40.0
2025-12-18 14:41:47,0.21275249226819862,4,0,40.0
2025-12-18 14:41:48,0.21275249226819862,4,0,40.0
2025-12-18 14:41:48,0.22641836792795944,4,0,40.0
2025-12-18 14:41:48,0.22641836792795944,4,0,40.0
2025-12-18 14:41:48,0.33900506191404245,5,0,50.0
2025-12-18 14:41:48,0.3139299670318595,5,0,50.0
2025-12-18 14:41:48,0.3139299670318595,5,0,50.0
2025-12-18 14:41:48,0.32463830925636294,5,0,50.0
2025-12-18 14:41:48,0.32463830925636294,5,0,50.0
2025-12-18 14:41:48,0.3523863767181442,5,0,50.0
2025-12-18 14:41:48,0.3095226824885937,5,0,50.0
2025-12-18 14:41:48,0.3095226824885937,5,0,50.0
2025-12-18 14:41:48,0.26675868281823467,5,0,50.0
2025-12-18 14:41:48,0.26675868281823467,5,0,50.0
2025-12-18 14:41:48,0.2671709731152251,5,0,50.0
2025-12-18 14:41:48,0.3286661658312978,5,0,50.0
2025-12-18 14:41:48,0.3286661658312978,5,0,50.0
2025-12-18 14:41:48,0.32585661223329754,5,0,50.0
2025-12-18 14:41:48,0.32585661223329754,5,0,50.0
2025-12-18 14:41:48,0.20183078442695204,5,0,50.0
2025-12-18 14:41:49,0.2762258573906172,5,0,50.0
2025-12-18 14:41:49,0.2762258573906172,5,0,50.0
2025-12-18 14:41:49,0.33698881188709334,5,0,50.0
2025-12-18 14:41:49,0.3558392044513847,5,0,50.0
2025-12-18 14:41:49,0.3558392044513847,5,0,50.0
2025-12-18 14:41:49,0.18468886362288028,5,0,50.0
2025-12-18 14:41:49,0.18468886362288028,5,0,50.0
2025-12-18 14:41:49,0.3354701573928217,5,0,50.0
2025-12-18 14:41:49,0.3223848647009586,5,0,50.0
2025-12-18 14:41:49,0.3223848647009586,5,0,50.0
2025-12-18 14:41:49,0.20792146962254962,5,0,50.0
2025-12-18 14:41:49,0.20792146962254962,5,0,50.0
2025-12-18 14:41:49,0.30966246775850753,5,0,50.0
2025-12-18 14:41:49,0.30966246775850753,5,0,50.0
2025-12-18 14:41:49,0.32888635134992,5,0,50.0
2025-12-18 14:41:49,0.3139299670318595,5,0,50.0
2025-12-18 14:41:49,0.3139299670318595,5,0,50.0
2025-12-18 14:41:49,0.17282433522119928,5,0,50.0
2025-12-18 14:41:49,0.17282433522119928,5,0,50.0
2025-12-18 14:41:50,0.3599605541092434,5,0,50.0
2025-12-18 14:41:50,0.3599605541092434,5,0,50.0
2025-12-18 14:41:50,0.31875766770836134,5,0,50.0
2025-12-18 14:41:50,0.3234058856748018,5,0,50.0
2025-12-18 14:41:50,0.3234058856748018,5,0,50.0
2025-12-18 14:41:50,0.32433376483627496,5,0,50.0
2025-12-18 14:41:50,0.32433376483627496,5,0,50.0
2025-12-18 14:41:50,0.16889313805094155,5,0,50.0
2025-12-18 14:41:50,0.2497737418826772,5,0,50.0
2025-12-18 14:41:50,0.2497737418826772,5,0,50.0
2025-12-18 14:41:50,0.22827658377312338,5,0,50.0
2025-12-18 14:41:50,0.22827658377312338,5,0,50.0
2025-12-18 14:41:50,0.19011938845496246,5,0,50.0
2025-12-18 14:41:50,0.17049328195161464,5,0,50.0
2025-12-18 14:41:50,0.17049328195161464,5,0,50.0
2025-12-18 14:41:50,0.20922767919687468,5,0,50.0
2025-12-18 14:41:50,0.20922767919687468,5,0,50.0
2025-12-18 14:41:50,0.30300072425260016,6,0,60.0
2025-12-18 14:41:50,0.30300072425260016,6,0,60.0
2025-12-18 14:41:50,0.33893992009381957,6,0,60.0
2025-12-18 14:41:51,0.3435087393193065,6,0,60.0
2025-12-18 14:41:51,0.3435087393193065,6,0,60.0
2025-12-18 14:41:51,0.33952822097462876,6,0,60.0
2025-12-18 14:41:51,0.33952822097462876,6,0,60.0
2025-12-18 14:41:51,0.32665236397431063,6,0,60.0
2025-12-18 14:41:51,0.32665236397431063,6,0,60.0
2025-12-18 14:41:51,0.18826561456795654,6,0,60.0
2025-12-18 14:41:51,0.24604603289157473,6,0,60.0
2025-12-18 14:41:51,0.24604603289157473,6,0,60.0
2025-12-18 14:41:51,0.3230287652630428,7,0,70.0
2025-12-18 14:41:51,0.3230287652630428,7,0,70.0
2025-12-18 14:41:51,0.23084837054689794,7,0,70.0
2025-12-18 14:41:51,0.19016039787843814,7,0,70.0
2025-12-18 14:41:51,0.19016039787843814,7,0,70.0
2025-12-18 14:41:51,0.2010512574454177,7,0,70.0
2025-12-18 14:41:51,0.2010512574454177,7,0,70.0
2025-12-18 14:41:51,0.3100561806121388,8,0,80.0
2025-12-18 14:41:51,0.331894970553953,8,0,80.0
2025-12-18 14:41:51,0.331894970553953,8,0,80.0
2025-12-18 14:41:51,0.3209177983042919,8,0,80.0
2025-12-18 14:41:52,0.3209177983042919,8,0,80.0
2025-12-18 14:41:52,0.2019190903611687,8,0,80.0
2025-12-18 14:41:52,0.2019190903611687,8,0,80.0
2025-12-18 14:41:52,0.22169429154929782,8,0,80.0
2025-12-18 14:41:52,0.2891825477369102,9,0,90.0
2025-12-18 14:41:52,0.2891825477369102,9,0,90.0
2025-12-18 14:41:52,0.3075215328648281,9,0,90.0
2025-12-18 14:41:52,0.3075215328648281,9,0,90.0
2025-12-18 14:41:52,0.16821060875499702,9,0,90.0
2025-12-18 14:41:52,0.21052303472799064,9,0,90.0
2025-12-18 14:41:52,0.21052303472799064,9,0,90.0
2025-12-18 14:41:56,0.29661102076851303,0,0,0.0
2025-12-18 14:41:56,0.3221419329450722,0,0,0.0
2025-12-18 14:41:56,0.32718087407452234,0,0,0.0
2025-12-18 14:41:56,0.33842557149788965,0,0,0.0
2025-12-18 14:41:56,0.33842557149788965,0,0,0.0
2025-12-18 14:41:56,0.32692809969560765,0,0,0.0
2025-12-18 14:41:56,0.32692809969560765,0,0,0.0
2025-12-18 14:41:56,0.32237650727836803,0,0,0.0
2025-12-18 14:41:56,0.3285762622376427,0,0,0.0
2025-12-18 14:41:56,0.33241969187927445,0,0,0.0
2025-12-18 14:41:57,0.33241969187927445,0,0,0.0
2025-12-18 14:41:57,0.33241969187927445,0,0,0.0
2025-12-18 14:41:57,0.338493746477616,0,0,0.0
2025-12-18 14:41:57,0.3545881157846549,0,0,0.0
2025-12-18 14:41:57,0.32638461315712763,0,0,0.0
2025-12-18 14:41:57,0.32638461315712763,0,0,0.0
2025-12-18 14:41:57,0.266665915265754,0,0,0.0
2025-12-18 14:41:57,0.18592129022515258,0,0,0.0
2025-12-18 14:41:57,0.2006154869757003,0,0,0.0
2025-12-18 14:41:57,0.2006154869757003,0,0,0.0
2025-12-18 14:41:57,0.24651823217344024,0,0,0.0
2025-12-18 14:41:57,0.3143936923615966,1,0,10.0
2025-12-18 14:41:57,0.3143936923615966,1,0,10.0
2025-12-18 14:41:57,0.33075474175416764,1,0,10.0
2025-12-18 14:41:57,0.3219424417952702,1,0,10.0
2025-12-18 14:41:57,0.34974158151796586,1,0,10.0
2025-12-18 14:41:57,0.34974158151796586,1,0,10.0
2025-12-18 14:41:57,0.34939856683363657,1,0,10.0
2025-12-18 14:41:57,0.34939856683363657,1,0,10.0
2025-12-18 14:41:57,0.34939856683363657,1,0,10.0
2025-12-18 14:41:58,0.42355079090568354,1,0,10.0
2025-12-18 14:41:58,0.41727710055353373,1,0,10.0
2025-12-18 14:41:58,0.41727710055353373,1,0,10.0
2025-12-18 14:41:58,0.41727710055353373,1,0,10.0
2025-12-18 14:41:58,0.38843062419278507,1,0,10.0
2025-12-18 14:41:58,0.4168502662257829,1,0,10.0
2025-12-18 14:41:58,0.4168502662257829,1,0,10.0
2025-12-18 14:41:58,0.40973855317145946,1,0,10.0
2025-12-18 14:41:58,0.39450258338210786,1,0,10.0
2025-12-18 14:41:58,0.39450258338210786,1,0,10.0
2025-12-18 14:41:58,0.3983048521257413,1,0,10.0
2025-12-18 14:41:58,0.2716269734595619,1,0,10.0
2025-12-18 14:41:58,0.19000203959409567,1,0,10.0
2025-12-18 14:41:58,0.19000203959409567,1,0,10.0
2025-12-18 14:41:58,0.33861992049943795,1,0,10.0
2025-12-18 14:41:58,0.33861992049943795,1,0,10.0
2025-12-18 14:41:58,0.425477668483215,1,0,10.0
2025-12-18 14:41:58,0.4368573824617357,1,0,10.0
2025-12-18 14:41:58,0.4114568206704526,1,0,10.0
2025-12-18 14:41:58,0.3969658625952653,1,0,10.0
2025-12-18 14:41:59,0.3969658625952653,1,0,10.0
2025-12-18 14:41:59,0.40405290206586864,1,0,10.0
2025-12-18 14:41:59,0.40405290206586864,1,0,10.0
2025-12-18 14:41:59,0.42248011105678296,1,0,10.0
2025-12-18 14:41:59,0.42248011105678296,1,0,10.0
2025-12-18 14:41:59,0.24615066466518395,1,0,10.0
2025-12-18 14:41:59,0.2161185446631648,1,0,10.0
2025-12-18 14:41:59,0.2161185446631648,1,0,10.0
2025-12-18 14:41:59,0.33039519955158303,2,0,20.0
2025-12-18 14:41:59,0.33039519955158303,2,0,20.0
2025-12-18 14:41:59,0.44787531611218123,2,0,20.0
2025-12-18 14:41:59,0.4226785512437979,2,0,20.0
2025-12-18 14:41:59,0.45030808160255265,2,0,20.0
2025-12-18 14:41:59,0.45030808160255265,2,0,20.0
2025-12-18 14:41:59,0.45030808160255265,2,0,20.0
2025-12-18 14:41:59,0.4239895007808453,2,0,20.0
2025-12-18 14:41:59,0.3300570270386908,2,0,20.0
2025-12-18 14:41:59,0.3300570270386908,2,0,20.0
2025-12-18 14:41:59,0.21113786052008532,2,0,20.0
2025-12-18 14:41:59,0.21113786052008532,2,0,20.0
2025-12-18 14:42:00,0.2654133228033894,2,0,20.0
2025-12-18 14:42:00,0.364039417764381,2,0,20.0
2025-12-18 14:42:00,0.4146978047305627,2,0,20.0
2025-12-18 14:42:00,0.4429020256993864,2,0,20.0
2025-12-18 14:42:00,0.4429020256993864,2,0,20.0
2025-12-18 14:42:00,0.41660552028935016,2,0,20.0
2025-12-18 14:42:00,0.41660552028935016,2,0,20.0
2025-12-18 14:42:00,0.31739687338740175,2,0,20.0
2025-12-18 14:42:00,0.24380778011676402,2,0,20.0
2025-12-18 14:42:00,0.24380778011676402,2,0,20.0
2025-12-18 14:42:00,0.3312192900111146,2,0,20.0
2025-12-18 14:42:00,0.3312192900111146,2,0,20.0
2025-12-18 14:42:00,0.40974475786531694,2,0,20.0
2025-12-18 14:42:00,0.40974475786531694,2,0,20.0
2025-12-18 14:42:00,0.4098430417927163,2,0,20.0
2025-12-18 14:42:00,0.4098430417927163,2,0,20.0
2025-12-18 14:42:00,0.4232904365367778,2,0,20.0
2025-12-18 14:42:00,0.4289960903923812,2,0,20.0
2025-12-18 14:42:00,0.4289960903923812,2,0,20.0
2025-12-18 14:42:00,0.4300404111022773,2,0,20.0
2025-12-18 14:42:00,0.4300404111022773,2,0,20.0
2025-12-18 14:42:01,0.40969462360509945,2,0,20.0
2025-12-18 14:42:01,0.36943581954128957,2,0,20.0
2025-12-18 14:42:01,0.36943581954128957,2,0,20.0
2025-12-18 14:42:01,0.1993950851112926,2,0,20.0
2025-12-18 14:42:01,0.1993950851112926,2,0,20.0
2025-12-18 14:42:01,0.30786958317201546,2,0,20.0
2025-12-18 14:42:01,0.30786958317201546,2,0,20.0
2025-12-18 14:42:01,0.40558126082614254,2,0,20.0
2025-12-18 14:42:01,0.4108253113236656,2,0,20.0
2025-12-18 14:42:01,0.4108253113236656,2,0,20.0
2025-12-18 14:42:01,0.415882147822624,2,0,20.0
2025-12-18 14:42:01,0.415882147822624,2,0,20.0
2025-12-18 14:42:01,0.4301926006954919,2,0,20.0
2025-12-18 14:42:01,0.44754818458021406,2,0,20.0
2025-12-18 14:42:01,0.44754818458021406,2,0,20.0
2025-12-18 14:42:01,0.4252031782699905,2,0,20.0
2025-12-18 14:42:01,0.4252031782699905,2,0,20.0
2025-12-18 14:42:01,0.3967158491979943,2,0,20.0
2025-12-18 14:42:01,0.3967158491979943,2,0,20.0
2025-12-18 14:42:02,0.42055893595811356,2,0,20.0
2025-12-18 14:42:02,0.40795403021248045,2,0,20.0
2025-12-18 14:42:02,0.40795403021248045,2,0,20.0
2025-12-18 14:42:02,0.41326594428441105,2,0,20.0
2025-12-18 14:42:02,0.41326594428441105,2,0,20.0
2025-12-18 14:42:02,0.4229919070640876,2,0,20.0
2025-12-18 14:42:02,0.42098307444936917,2,0,20.0
2025-12-18 14:42:02,0.42098307444936917,2,0,20.0
2025-12-18 14:42:02,0.39735416201490725,2,0,20.0
2025-12-18 14:42:02,0.39735416201490725,2,0,20.0
2025-12-18 14:42:02,0.23011629006014422,2,0,20.0
2025-12-18 14:42:02,0.27519264210957345,2,0,20.0
2025-12-18 14:42:02,0.27519264210957345,2,0,20.0
2025-12-18 14:42:02,0.3439603372353453,2,0,20.0
2025-12-18 14:42:02,0.3439603372353453,2,0,20.0
2025-12-18 14:42:02,0.3720796771076622,2,0,20.0
2025-12-18 14:42:02,0.3720796771076622,2,0,20.0
2025-12-18 14:42:02,0.3982751915085875,2,0,20.0
2025-12-18 14:42:02,0.4050095869757258,2,0,20.0
2025-12-18 14:42:03,0.4050095869757258,2,0,20.0
2025-12-18 14:42:03,0.40248894827852477,2,0,20.0
2025-12-18 14:42:03,0.4280418612264486,2,0,20.0
2025-12-18 14:42:03,0.4280418612264486,2,0,20.0
2025-12-18 14:42:03,0.3338840464911997,2,0,20.0
2025-12-18 14:42:03,0.3338840464911997,2,0,20.0
2025-12-18 14:42:03,0.3211696098789012,2,0,20.0
2025-12-18 14:42:03,0.3649883417725337,2,0,20.0
2025-12-18 14:42:03,0.3649883417725337,2,0,20.0
2025-12-18 14:42:03,0.3849476121901288,2,0,20.0
2025-12-18 14:42:03,0.3849476121901288,2,0,20.0
2025-12-18 14:42:03,0.4037932905186409,2,0,20.0
2025-12-18 14:42:03,0.4117761099806108,2,0,20.0
2025-12-18 14:42:03,0.4117761099806108,2,0,20.0
2025-12-18 14:42:03,0.2679617297787038,2,0,20.0
2025-12-18 14:42:03,0.2375480904412487,2,0,20.0
2025-12-18 14:42:03,0.2375480904412487,2,0,20.0
2025-12-18 14:42:03,0.32238768883911645,2,0,20.0
2025-12-18 14:42:04,0.32238768883911645,2,0,20.0
2025-12-18 14:42:04,0.38105632676706724,2,0,20.0
2025-12-18 14:42:04,0.3804974051458835,2,0,20.0
2025-12-18 14:42:04,0.3804974051458835,2,0,20.0
2025-12-18 14:42:04,0.39802804256652347,2,0,20.0
2025-12-18 14:42:04,0.39802804256652347,2,0,20.0
2025-12-18 14:42:04,0.3915147404141906,2,0,20.0
2025-12-18 14:42:04,0.3777140181809645,2,0,20.0
2025-12-18 14:42:04,0.3777140181809645,2,0,20.0
2025-12-18 14:42:04,0.4313228250986968,2,0,20.0
2025-12-18 14:42:04,0.4313228250986968,2,0,20.0
2025-12-18 14:42:04,0.0,2,0,20.0
2025-12-18 14:42:04,0.0,2,0,20.0
2025-12-18 14:42:04,0.0,2,0,20.0
2025-12-18 14:42:04,0.0,2,0,20.0
2025-12-18 14:42:04,0.0,2,0,20.0
2025-12-18 14:42:04,0.0,2,0,20.0
2025-12-18 14:42:04,0.0,2,0,20.0
2025-12-18 14:42:04,0.0,2,0,20.0
2025-12-18 14:42:05,0.0,2,0,20.0
2025-12-18 14:42:05,0.0,2,0,20.0
2025-12-18 14:42:05,0.0,2,0,20.0
2025-12-18 14:42:05,0.0,2,0,20.0
2025-12-18 14:42:05,0.0,2,0,20.0
2025-12-18 14:42:05,0.0,2,0,20.0
2025-12-18 14:42:05,0.0,2,0,20.0
2025-12-18 14:42:05,0.0,2,0,20.0
2025-12-18 14:42:05,0.0,2,0,20.0
2025-12-18 14:42:05,0.0,2,0,20.0
2025-12-18 14:42:05,0.0,2,0,20.0
2025-12-18 14:42:05,0.0,2,0,20.0
2025-12-18 14:42:05,0.0,2,0,20.0
2025-12-18 14:42:05,0.0,2,0,20.0
2025-12-18 14:42:05,0.0,2,0,20.0
2025-12-18 14:42:05,0.0,2,0,20.0
2025-12-18 14:42:05,0.0,2,0,20.0
2025-12-18 14:42:05,0.0,2,0,20.0
2025-12-18 14:42:05,0.0,2,0,20.0
2025-12-18 14:42:06,0.0,2,0,20.0
2025-12-18 14:42:06,0.0,2,0,20.0
2025-12-18 14:42:06,0.0,2,0,20.0
2025-12-18 14:42:06,0.0,2,0,20.0
2025-12-18 14:42:06,0.0,2,0,20.0
2025-12-18 14:42:06,0.0,2,0,20.0
2025-12-18 14:42:06,0.0,2,0,20.0
2025-12-18 14:42:06,0.0,2,0,20.0
2025-12-18 14:42:06,0.0,2,0,20.0
2025-12-18 14:42:06,0.0,2,0,20.0
2025-12-18 14:42:06,0.0,2,0,20.0
2025-12-18 14:42:06,0.0,2,0,20.0
2025-12-18 14:42:06,0.0,2,0,20.0
2025-12-18 14:42:06,0.0,2,0,20.0
2025-12-18 14:42:06,0.0,2,0,20.0
2025-12-18 14:42:06,0.0,2,0,20.0
2025-12-18 14:42:06,0.0,2,0,20.0
2025-12-18 14:42:06,0.0,2,0,20.0
2025-12-18 14:42:06,0.3389101588200542,2,0,20.0
2025-12-18 14:42:06,0.3389101588200542,2,0,20.0
2025-12-18 14:42:07,0.3599696265885183,2,0,20.0
2025-12-18 14:42:07,0.3599696265885183,2,0,20.0
2025-12-18 14:42:07,0.3642861666871651,2,0,20.0
2025-12-18 14:42:07,0.37801015821614814,2,0,20.0
2025-12-18 14:42:07,0.37801015821614814,2,0,20.0
2025-12-18 14:42:07,0.3706540312373141,2,0,20.0
2025-12-18 14:42:07,0.3706540312373141,2,0,20.0
2025-12-18 14:42:07,0.36570301217756157,2,0,20.0
2025-12-18 14:42:07,0.36570301217756157,2,0,20.0
2025-12-18 14:42:07,0.0,2,0,20.0
2025-12-18 14:42:07,0.0,2,0,20.0
2025-12-18 14:42:07,0.0,2,0,20.0
2025-12-18 14:42:07,0.4229540497484814,2,0,20.0
2025-12-18 14:42:07,0.4229540497484814,2,0,20.0
2025-12-18 14:42:07,0.36890544428014516,2,0,20.0
2025-12-18 14:42:07,0.3502585954238778,2,0,20.0
2025-12-18 14:42:07,0.3502585954238778,2,0,20.0
2025-12-18 14:42:07,0.40249545137644194,2,0,20.0
2025-12-18 14:42:07,0.40249545137644194,2,0,20.0
2025-12-18 14:42:08,0.38238454221718293,2,0,20.0
2025-12-18 14:42:08,0.39494649113792946,2,0,20.0
2025-12-18 14:42:08,0.39494649113792946,2,0,20.0
2025-12-18 14:42:08,0.3721057870986787,2,0,20.0
2025-12-18 14:42:08,0.3721057870986787,2,0,20.0
2025-12-18 14:42:08,0.3770060964907634,2,0,20.0
2025-12-18 14:42:08,0.3791304764906937,2,0,20.0
2025-12-18 14:42:08,0.3791304764906937,2,0,20.0
2025-12-18 14:42:08,0.396373296213176,2,0,20.0
2025-12-18 14:42:08,0.396373296213176,2,0,20.0
2025-12-18 14:42:08,0.38236625884246406,2,0,20.0
2025-12-18 14:42:08,0.38236625884246406,2,0,20.0
2025-12-18 14:42:08,0.2363026820991975,2,0,20.0
2025-12-18 14:42:08,0.24731663548702576,2,0,20.0
2025-12-18 14:42:08,0.24731663548702576,2,0,20.0
2025-12-18 14:42:08,0.3179632143656112,3,0,30.0
2025-12-18 14:42:08,0.3179632143656112,3,0,30.0
2025-12-18 14:42:08,0.3584634080789181,3,0,30.0
2025-12-18 14:42:08,0.3874195419069606,3,0,30.0
2025-12-18 14:42:08,0.3874195419069606,3,0,30.0
2025-12-18 14:42:09,0.3586219819735602,3,0,30.0
2025-12-18 14:42:09,0.3586219819735602,3,0,30.0
2025-12-18 14:42:09,0.38482662170644066,3,0,30.0
2025-12-18 14:42:09,0.37161229541414553,3,0,30.0
2025-12-18 14:42:09,0.37161229541414553,3,0,30.0
2025-12-18 14:42:09,0.42284813619353734,3,0,30.0
2025-12-18 14:42:09,0.42284813619353734,3,0,30.0
2025-12-18 14:42:09,0.3998302729206643,3,0,30.0
2025-12-18 14:42:09,0.3618481250386476,3,0,30.0
2025-12-18 14:42:09,0.3618481250386476,3,0,30.0
2025-12-18 14:42:09,0.2501727358831606,3,0,30.0
2025-12-18 14:42:09,0.2501727358831606,3,0,30.0
2025-12-18 14:42:09,0.25076252372994234,3,0,30.0
2025-12-18 14:42:09,0.25076252372994234,3,0,30.0
2025-12-18 14:42:09,0.37462933948027827,3,0,30.0
2025-12-18 14:42:09,0.3835021232550764,3,0,30.0
2025-12-18 14:42:09,0.3835021232550764,3,0,30.0
2025-12-18 14:42:09,0.3812691989099646,3,0,30.0
2025-12-18 14:42:09,0.3812691989099646,3,0,30.0
2025-12-18 14:42:09,0.3467399739284509,3,0,30.0
2025-12-18 14:42:10,0.3467399739284509,3,0,30.0
2025-12-18 14:42:10,0.2638918107804114,3,0,30.0
2025-12-18 14:42:10,0.34155027969958685,3,0,30.0
2025-12-18 14:42:10,0.34155027969958685,3,0,30.0
2025-12-18 14:42:10,0.3640026721614632,3,0,30.0
2025-12-18 14:42:10,0.3640026721614632,3,0,30.0
2025-12-18 14:42:10,0.39179736404053944,3,0,30.0
2025-12-18 14:42:10,0.38571430436115406,3,0,30.0
2025-12-18 14:42:10,0.38571430436115406,3,0,30.0
2025-12-18 14:42:10,0.3994657472272921,3,0,30.0
2025-12-18 14:42:10,0.3994657472272921,3,0,30.0
2025-12-18 14:42:10,0.3992608467065857,3,0,30.0
2025-12-18 14:42:10,0.3792141501225614,3,0,30.0
2025-12-18 14:42:10,0.3792141501225614,3,0,30.0
2025-12-18 14:42:10,0.3957021479202053,3,0,30.0
2025-12-18 14:42:10,0.3957021479202053,3,0,30.0
2025-12-18 14:42:10,0.4065267510156375,3,0,30.0
2025-12-18 14:42:10,0.4065267510156375,3,0,30.0
2025-12-18 14:42:10,0.38004120203901215,3,0,30.0
2025-12-18 14:42:11,0.3565711531801071,3,0,30.0
2025-12-18 14:42:11,0.3565711531801071,3,0,30.0
2025-12-18 14:42:11,0.3732529559802378,3,0,30.0
2025-12-18 14:42:11,0.3732529559802378,3,0,30.0
2025-12-18 14:42:11,0.39444343049957487,3,0,30.0
2025-12-18 14:42:11,0.40240121520938665,3,0,30.0
2025-12-18 14:42:11,0.40240121520938665,3,0,30.0
2025-12-18 14:42:11,0.3271051804974642,3,0,30.0
2025-12-18 14:42:11,0.0,3,0,30.0
2025-12-18 14:42:11,0.0,3,0,30.0
2025-12-18 14:42:11,0.0,3,0,30.0
2025-12-18 14:42:11,0.0,3,0,30.0
2025-12-18 14:42:11,0.3930297997544612,3,0,30.0
2025-12-18 14:42:11,0.3930297997544612,3,0,30.0
2025-12-18 14:42:11,0.0,3,0,30.0
2025-12-18 14:42:11,0.0,3,0,30.0
2025-12-18 14:42:11,0.0,3,0,30.0
2025-12-18 14:42:11,0.3689071696950016,3,0,30.0
2025-12-18 14:42:11,0.3689071696950016,3,0,30.0
2025-12-18 14:42:11,0.3767416301984078,3,0,30.0
2025-12-18 14:42:12,0.3767416301984078,3,0,30.0
2025-12-18 14:42:12,0.4283245127699118,3,0,30.0
2025-12-18 14:42:12,0.0,3,0,30.0
2025-12-18 14:42:12,0.0,3,0,30.0
2025-12-18 14:42:12,0.0,3,0,30.0
2025-12-18 14:42:12,0.0,3,0,30.0
2025-12-18 14:42:12,0.0,3,0,30.0
2025-12-18 14:42:12,0.0,3,0,30.0
2025-12-18 14:42:12,0.0,3,0,30.0
2025-12-18 14:42:12,0.0,3,0,30.0
2025-12-18 14:42:12,0.0,3,0,30.0
2025-12-18 14:42:12,0.0,3,0,30.0
2025-12-18 14:42:12,0.0,3,0,30.0
2025-12-18 14:42:12,0.0,3,0,30.0
2025-12-18 14:42:12,0.0,3,0,30.0
2025-12-18 14:42:12,0.0,3,0,30.0
2025-12-18 14:42:12,0.0,3,0,30.0
2025-12-18 14:42:12,0.0,3,0,30.0
2025-12-18 14:42:12,0.0,3,0,30.0
2025-12-18 14:42:12,0.0,3,0,30.0
2025-12-18 14:42:12,0.5737931907874078,3,0,30.0
2025-12-18 14:42:13,0.0,3,0,30.0
2025-12-18 14:42:13,0.0,3,0,30.0
2025-12-18 14:42:13,0.0,3,0,30.0
2025-12-18 14:42:13,0.0,3,0,30.0
2025-12-18 14:42:13,0.4002123357361943,3,0,30.0
2025-12-18 14:42:13,0.4002123357361943,3,0,30.0
2025-12-18 14:42:13,0.4384156482824469,3,0,30.0
2025-12-18 14:42:13,0.412916237610901,3,0,30.0
2025-12-18 14:42:13,0.412916237610901,3,0,30.0
2025-12-18 14:42:13,0.40231714755100095,3,0,30.0
2025-12-18 14:42:13,0.40231714755100095,3,0,30.0
2025-12-18 14:42:13,0.0,3,0,30.0
2025-12-18 14:42:13,0.0,3,0,30.0
2025-12-18 14:42:13,0.0,3,0,30.0
2025-12-18 14:42:13,0.0,3,0,30.0
2025-12-18 14:42:13,0.0,3,0,30.0
2025-12-18 14:42:13,0.0,3,0,30.0
2025-12-18 14:42:13,0.0,3,0,30.0
2025-12-18 14:42:13,0.0,3,0,30.0
2025-12-18 14:42:14,0.0,3,0,30.0
2025-12-18 14:42:14,0.0,3,0,30.0
2025-12-18 14:42:14,0.0,3,0,30.0
2025-12-18 14:42:14,0.0,3,0,30.0
2025-12-18 14:42:14,0.0,3,0,30.0
2025-12-18 14:42:14,0.0,3,0,30.0
2025-12-18 14:42:14,0.38942067844039796,3,0,30.0
2025-12-18 14:42:14,0.38942067844039796,3,0,30.0
2025-12-18 14:42:14,0.42226941993801737,3,0,30.0
2025-12-18 14:42:14,0.42226941993801737,3,0,30.0
2025-12-18 14:42:14,0.34902089261611946,3,0,30.0
2025-12-18 14:42:14,0.38175230809400806,3,0,30.0
2025-12-18 14:42:14,0.38889573227878677,3,0,30.0
2025-12-18 14:42:14,0.38889573227878677,3,0,30.0
2025-12-18 14:42:14,0.37678781887437124,3,0,30.0
2025-12-18 14:42:14,0.43050451496588793,3,0,30.0
2025-12-18 14:42:14,0.43050451496588793,3,0,30.0
2025-12-18 14:42:14,0.4174745017015662,3,0,30.0
2025-12-18 14:42:15,0.3862749778297462,3,0,30.0
2025-12-18 14:42:15,0.36419063638838045,3,0,30.0
2025-12-18 14:42:15,0.4301928280175209,3,0,30.0
2025-12-18 14:42:15,0.40753848119966773,3,0,30.0
2025-12-18 14:42:15,0.40753848119966773,3,0,30.0
2025-12-18 14:42:15,0.3819388967719149,3,0,30.0
2025-12-18 14:42:15,0.3819388967719149,3,0,30.0
2025-12-18 14:42:15,0.35588182283355063,3,0,30.0
2025-12-18 14:42:15,0.3549455195393588,3,0,30.0
2025-12-18 14:42:15,0.3865046959594245,3,0,30.0
2025-12-18 14:42:15,0.3865046959594245,3,0,30.0
2025-12-18 14:42:15,0.32845332640564834,3,0,30.0
2025-12-18 14:42:15,0.2041794196898578,3,0,30.0
2025-12-18 14:42:15,0.2041794196898578,3,0,30.0
2025-12-18 14:42:15,0.35648654338636554,3,0,30.0
2025-12-18 14:42:15,0.35648654338636554,3,0,30.0
2025-12-18 14:42:15,0.40965673554198423,3,0,30.0
2025-12-18 14:42:15,0.3841774769033063,3,0,30.0
2025-12-18 14:42:16,0.40095348182741375,3,0,30.0
2025-12-18 14:42:16,0.40095348182741375,3,0,30.0
2025-12-18 14:42:16,0.3989297955132004,3,0,30.0
2025-12-18 14:42:16,0.38265628479642144,3,0,30.0
2025-12-18 14:42:16,0.3931745884402398,3,0,30.0
2025-12-18 14:42:16,0.3931745884402398,3,0,30.0
2025-12-18 14:42:16,0.37917759503389703,3,0,30.0
2025-12-18 14:42:16,0.37917759503389703,3,0,30.0
2025-12-18 14:42:16,0.38148918823022426,3,0,30.0
2025-12-18 14:42:16,0.37462744256889663,3,0,30.0
2025-12-18 14:42:16,0.38001193371054753,3,0,30.0
2025-12-18 14:42:16,0.38001193371054753,3,0,30.0
2025-12-18 14:42:16,0.38001193371054753,3,0,30.0
2025-12-18 14:42:16,0.3331523104110389,3,0,30.0
2025-12-18 14:42:16,0.33848040455111916,3,0,30.0
2025-12-18 14:42:16,0.3243139997071599,3,0,30.0
2025-12-18 14:42:16,0.3243139997071599,3,0,30.0
2025-12-18 14:42:16,0.22691969497863118,3,0,30.0
2025-12-18 14:42:16,0.2542597703117631,3,0,30.0
2025-12-18 14:42:17,0.322549727302889,3,0,30.0
2025-12-18 14:42:17,0.322549727302889,3,0,30.0
2025-12-18 14:42:17,0.35309909848257837,3,0,30.0
2025-12-18 14:42:17,0.3477374710866993,3,0,30.0
2025-12-18 14:42:17,0.3641180402872466,3,0,30.0
2025-12-18 14:42:17,0.3641180402872466,3,0,30.0
2025-12-18 14:42:17,0.3641180402872466,3,0,30.0
2025-12-18 14:42:17,0.3682097452454815,3,0,30.0
2025-12-18 14:42:17,0.34270858926179204,3,0,30.0
2025-12-18 14:42:17,0.34270858926179204,3,0,30.0
2025-12-18 14:42:17,0.2322936296894469,3,0,30.0
2025-12-18 14:42:17,0.2512233281965784,3,0,30.0
2025-12-18 14:42:17,0.2512233281965784,3,0,30.0
2025-12-18 14:42:17,0.34041669032430255,3,0,30.0
2025-12-18 14:42:17,0.3636526462902355,3,0,30.0
2025-12-18 14:42:17,0.37568064705959375,3,0,30.0
2025-12-18 14:42:17,0.37568064705959375,3,0,30.0
2025-12-18 14:42:17,0.36017425501839906,3,0,30.0
2025-12-18 14:42:17,0.36017425501839906,3,0,30.0
2025-12-18 14:42:18,0.3206231562440935,3,0,30.0
2025-12-18 14:42:18,0.24753567610591112,3,0,30.0
2025-12-18 14:42:18,0.27434923470911493,3,0,30.0
2025-12-18 14:42:18,0.32673899428155184,3,0,30.0
2025-12-18 14:42:18,0.32673899428155184,3,0,30.0
2025-12-18 14:42:18,0.3504184313410887,3,0,30.0
2025-12-18 14:42:18,0.39384807905620267,3,0,30.0
2025-12-18 14:42:18,0.3902293497288353,3,0,30.0
2025-12-18 14:42:18,0.37302529338625146,3,0,30.0
2025-12-18 14:42:18,0.3840831330840849,3,0,30.0
2025-12-18 14:42:18,0.3840831330840849,3,0,30.0
2025-12-18 14:42:18,0.37880223121981005,3,0,30.0
2025-12-18 14:42:18,0.37880223121981005,3,0,30.0
2025-12-18 14:42:18,0.37516390538465716,3,0,30.0
2025-12-18 14:42:18,0.37516390538465716,3,0,30.0
2025-12-18 14:42:18,0.0,3,0,30.0
2025-12-18 14:42:18,0.2958141758114209,3,0,30.0
2025-12-18 14:42:18,0.2958141758114209,3,0,30.0
2025-12-18 14:42:18,0.3497883926832265,3,0,30.0
2025-12-18 14:42:19,0.3497883926832265,3,0,30.0
2025-12-18 14:42:19,0.2993588258590262,3,0,30.0
2025-12-18 14:42:19,0.2620490283724509,3,0,30.0
2025-12-18 14:42:19,0.31869610841272666,3,0,30.0
2025-12-18 14:42:19,0.31869610841272666,3,0,30.0
2025-12-18 14:42:19,0.31869610841272666,3,0,30.0
2025-12-18 14:42:19,0.26196122783423503,3,0,30.0
2025-12-18 14:42:19,0.27194361558402647,3,0,30.0
2025-12-18 14:42:19,0.27194361558402647,3,0,30.0
2025-12-18 14:42:19,0.2897415661385938,3,0,30.0
2025-12-18 14:42:19,0.2897415661385938,3,0,30.0
2025-12-18 14:42:19,0.2507788213315384,3,0,30.0
2025-12-18 14:42:19,0.2585040780201828,3,0,30.0
2025-12-18 14:42:19,0.2585040780201828,3,0,30.0
2025-12-18 14:42:19,0.31281087007226854,3,0,30.0
2025-12-18 14:42:19,0.37135276401684303,3,0,30.0
2025-12-18 14:42:19,0.37135276401684303,3,0,30.0
2025-12-18 14:42:20,0.3401895959179275,3,0,30.0
2025-12-18 14:42:20,0.3567235401426342,3,0,30.0
2025-12-18 14:42:20,0.3567235401426342,3,0,30.0
2025-12-18 14:42:20,0.36942177866109777,3,0,30.0
2025-12-18 14:42:20,0.36942177866109777,3,0,30.0
2025-12-18 14:42:20,0.38317152654767783,3,0,30.0
2025-12-18 14:42:20,0.3553120442724267,3,0,30.0
2025-12-18 14:42:20,0.3553120442724267,3,0,30.0
2025-12-18 14:42:20,0.37319063692499455,3,0,30.0
2025-12-18 14:42:20,0.37319063692499455,3,0,30.0
2025-12-18 14:42:20,0.37487000869065873,3,0,30.0
2025-12-18 14:42:20,0.34709971410989615,3,0,30.0
2025-12-18 14:42:20,0.34709971410989615,3,0,30.0
2025-12-18 14:42:20,0.2417566922828601,3,0,30.0
2025-12-18 14:42:20,0.0,3,0,30.0
2025-12-18 14:42:20,0.0,3,0,30.0
2025-12-18 14:42:20,0.3826959812474173,3,0,30.0
2025-12-18 14:42:21,0.3826959812474173,3,0,30.0
2025-12-18 14:42:21,0.42983392648423846,3,0,30.0
2025-12-18 14:42:21,0.3487552970043072,3,0,30.0
2025-12-18 14:42:21,0.3487552970043072,3,0,30.0
2025-12-18 14:42:21,0.23005285286951532,3,0,30.0
2025-12-18 14:42:21,0.23005285286951532,3,0,30.0
2025-12-18 14:42:21,0.35073376138488266,3,0,30.0
2025-12-18 14:42:21,0.3703152100285024,3,0,30.0
2025-12-18 14:42:21,0.3703152100285024,3,0,30.0
2025-12-18 14:42:21,0.3642284453882356,3,0,30.0
2025-12-18 14:42:21,0.3642284453882356,3,0,30.0
2025-12-18 14:42:21,0.3835608627339081,3,0,30.0
2025-12-18 14:42:21,0.3835608627339081,3,0,30.0
2025-12-18 14:42:21,0.3882146234529662,3,0,30.0
2025-12-18 14:42:21,0.37611156640233673,3,0,30.0
2025-12-18 14:42:21,0.37611156640233673,3,0,30.0
2025-12-18 14:42:21,0.2314024882731361,3,0,30.0
2025-12-18 14:42:21,0.27968075554579586,3,0,30.0
2025-12-18 14:42:21,0.27968075554579586,3,0,30.0
2025-12-18 14:42:22,0.33016710724492004,3,0,30.0
2025-12-18 14:42:22,0.33016710724492004,3,0,30.0
2025-12-18 14:42:22,0.356143631186177,3,0,30.0
2025-12-18 14:42:22,0.3779421326005044,3,0,30.0
2025-12-18 14:42:22,0.3779421326005044,3,0,30.0
2025-12-18 14:42:22,0.38670022459009573,3,0,30.0
2025-12-18 14:42:22,0.38670022459009573,3,0,30.0
2025-12-18 14:42:22,0.39371896377363735,3,0,30.0
2025-12-18 14:42:22,0.3932220303577554,3,0,30.0
2025-12-18 14:42:22,0.3932220303577554,3,0,30.0
2025-12-18 14:42:22,0.3983939299423133,3,0,30.0
2025-12-18 14:42:22,0.3983939299423133,3,0,30.0
2025-12-18 14:42:22,0.2846910476744088,3,0,30.0
2025-12-18 14:42:22,0.2646731932527575,3,0,30.0
2025-12-18 14:42:22,0.2646731932527575,3,0,30.0
2025-12-18 14:42:22,0.25091027482854267,3,0,30.0
2025-12-18 14:42:22,0.25091027482854267,3,0,30.0
2025-12-18 14:42:22,0.36291025152819867,3,0,30.0
2025-12-18 14:42:22,0.3659844377983359,3,0,30.0
2025-12-18 14:42:23,0.3659844377983359,3,0,30.0
2025-12-18 14:42:23,0.37580368223159444,3,0,30.0
2025-12-18 14:42:23,0.3748690073051929,3,0,30.0
2025-12-18 14:42:23,0.3748690073051929,3,0,30.0
2025-12-18 14:42:23,0.38056885973584076,3,0,30.0
2025-12-18 14:42:23,0.38056885973584076,3,0,30.0
2025-12-18 14:42:23,0.3955469379710411,3,0,30.0
2025-12-18 14:42:23,0.39354208593918183,3,0,30.0
2025-12-18 14:42:23,0.39354208593918183,3,0,30.0
2025-12-18 14:42:23,0.38504031832384855,3,0,30.0
2025-12-18 14:42:23,0.38504031832384855,3,0,30.0
2025-12-18 14:42:23,0.24766167396756916,3,0,30.0
2025-12-18 14:42:23,0.2953296791789186,3,0,30.0
2025-12-18 14:42:23,0.2953296791789186,3,0,30.0
2025-12-18 14:42:23,0.3315148183512705,3,0,30.0
2025-12-18 14:42:23,0.3315148183512705,3,0,30.0
2025-12-18 14:42:23,0.372103289405076,3,0,30.0
2025-12-18 14:42:23,0.372103289405076,3,0,30.0
2025-12-18 14:42:24,0.3714286420126196,3,0,30.0
2025-12-18 14:42:24,0.37605350650574576,3,0,30.0
2025-12-18 14:42:24,0.37605350650574576,3,0,30.0
2025-12-18 14:42:24,0.3685275641157105,3,0,30.0
2025-12-18 14:42:24,0.3990855370408373,3,0,30.0
2025-12-18 14:42:24,0.3990855370408373,3,0,30.0
2025-12-18 14:42:24,0.36593803936145514,3,0,30.0
2025-12-18 14:42:24,0.36593803936145514,3,0,30.0
2025-12-18 14:42:24,0.3968732160565129,3,0,30.0
2025-12-18 14:42:24,0.40349343631151613,3,0,30.0
2025-12-18 14:42:24,0.40349343631151613,3,0,30.0
2025-12-18 14:42:24,0.41516573635153065,3,0,30.0
2025-12-18 14:42:24,0.41516573635153065,3,0,30.0
2025-12-18 14:42:24,0.372520828717929,3,0,30.0
2025-12-18 14:42:24,0.372520828717929,3,0,30.0
2025-12-18 14:42:24,0.3366759991208752,3,0,30.0
2025-12-18 14:42:24,0.31039405131433645,3,0,30.0
2025-12-18 14:42:24,0.31039405131433645,3,0,30.0
2025-12-18 14:42:24,0.3351696672218338,3,0,30.0
2025-12-18 14:42:25,0.3351696672218338,3,0,30.0
2025-12-18 14:42:25,0.3505875027010532,3,0,30.0
2025-12-18 14:42:25,0.3399062181858866,3,0,30.0
2025-12-18 14:42:25,0.3399062181858866,3,0,30.0
2025-12-18 14:42:25,0.24972333364127533,3,0,30.0
2025-12-18 14:42:25,0.2501582994738646,3,0,30.0
2025-12-18 14:42:25,0.2501582994738646,3,0,30.0
2025-12-18 14:42:25,0.306575665868436,3,0,30.0
2025-12-18 14:42:25,0.306575665868436,3,0,30.0
2025-12-18 14:42:25,0.3147810767820818,3,0,30.0
2025-12-18 14:42:25,0.3147810767820818,3,0,30.0
2025-12-18 14:42:25,0.3489936228677719,3,0,30.0
2025-12-18 14:42:25,0.3201971657724549,3,0,30.0
2025-12-18 14:42:25,0.3201971657724549,3,0,30.0
2025-12-18 14:42:25,0.24357164038513407,3,0,30.0
2025-12-18 14:42:25,0.24357164038513407,3,0,30.0
2025-12-18 14:42:25,0.24344003214349896,3,0,30.0
2025-12-18 14:42:25,0.24344003214349896,3,0,30.0
2025-12-18 14:42:25,0.25677835618026723,4,0,40.0
2025-12-18 14:42:25,0.31805392064050253,4,0,40.0
2025-12-18 14:42:26,0.31805392064050253,4,0,40.0
2025-12-18 14:42:26,0.33521332356060596,4,0,40.0
2025-12-18 14:42:26,0.3325056850637789,4,0,40.0
2025-12-18 14:42:26,0.3325056850637789,4,0,40.0
2025-12-18 14:42:26,0.3279103654439538,4,0,40.0
2025-12-18 14:42:26,0.3279103654439538,4,0,40.0
2025-12-18 14:42:26,0.3382347842869559,4,0,40.0
2025-12-18 14:42:26,0.34396583519576734,4,0,40.0
2025-12-18 14:42:26,0.34396583519576734,4,0,40.0
2025-12-18 14:42:26,0.33409808963695886,4,0,40.0
2025-12-18 14:42:26,0.33409808963695886,4,0,40.0
2025-12-18 14:42:26,0.3369885441798596,4,0,40.0
2025-12-18 14:42:26,0.3369885441798596,4,0,40.0
2025-12-18 14:42:26,0.3534388446468283,4,0,40.0
2025-12-18 14:42:26,0.3005997289989021,4,0,40.0
2025-12-18 14:42:26,0.3005997289989021,4,0,40.0
2025-12-18 14:42:26,0.23437245019143582,4,0,40.0
2025-12-18 14:42:26,0.23437245019143582,4,0,40.0
2025-12-18 14:42:26,0.20041812596973724,4,0,40.0
2025-12-18 14:42:27,0.20041812596973724,4,0,40.0
2025-12-18 14:42:27,0.3369162137482129,5,0,50.0
2025-12-18 14:42:27,0.3318879927093277,5,0,50.0
2025-12-18 14:42:27,0.3318879927093277,5,0,50.0
2025-12-18 14:42:27,0.29727227548584245,5,0,50.0
2025-12-18 14:42:27,0.29727227548584245,5,0,50.0
2025-12-18 14:42:27,0.23374609751901748,5,0,50.0
2025-12-18 14:42:27,0.2928069140972043,5,0,50.0
2025-12-18 14:42:27,0.2928069140972043,5,0,50.0
2025-12-18 14:42:27,0.31333680982420786,5,0,50.0
2025-12-18 14:42:27,0.31333680982420786,5,0,50.0
2025-12-18 14:42:27,0.3506982588527676,5,0,50.0
2025-12-18 14:42:27,0.27213804968625377,5,0,50.0
2025-12-18 14:42:27,0.27213804968625377,5,0,50.0
2025-12-18 14:42:27,0.2204832900425994,5,0,50.0
2025-12-18 14:42:27,0.2204832900425994,5,0,50.0
2025-12-18 14:42:27,0.2803054246305998,5,0,50.0
2025-12-18 14:42:27,0.3260286213999084,5,0,50.0
2025-12-18 14:42:27,0.3260286213999084,5,0,50.0
2025-12-18 14:42:27,0.30855512669421103,5,0,50.0
2025-12-18 14:42:28,0.30855512669421103,5,0,50.0
2025-12-18 14:42:28,0.1959493429461288,5,0,50.0
2025-12-18 14:42:28,0.23478911721374185,5,0,50.0
2025-12-18 14:42:28,0.23478911721374185,5,0,50.0
2025-12-18 14:42:28,0.32838410155042635,6,0,60.0
2025-12-18 14:42:28,0.32838410155042635,6,0,60.0
2025-12-18 14:42:28,0.3454466515682054,6,0,60.0
2025-12-18 14:42:28,0.22275225779088273,6,0,60.0
2025-12-18 14:42:28,0.22275225779088273,6,0,60.0
2025-12-18 14:42:28,0.1953969701385277,6,0,60.0
2025-12-18 14:42:28,0.1953969701385277,6,0,60.0
2025-12-18 14:42:28,0.3206782396674382,7,0,70.0
2025-12-18 14:42:28,0.34355159794045564,7,0,70.0
2025-12-18 14:42:28,0.34355159794045564,7,0,70.0
2025-12-18 14:42:28,0.3312369818407579,7,0,70.0
2025-12-18 14:42:28,0.3312369818407579,7,0,70.0
2025-12-18 14:42:28,0.3072901627571627,7,0,70.0
2025-12-18 14:42:28,0.3072901627571627,7,0,70.0
2025-12-18 14:42:29,0.19497006791543944,7,0,70.0
2025-12-18 14:42:29,0.3054906978186578,7,0,70.0
2025-12-18 14:42:29,0.3187646814565157,7,0,70.0
2025-12-18 14:42:29,0.3187646814565157,7,0,70.0
2025-12-18 14:42:29,0.3263134934583729,7,0,70.0
2025-12-18 14:42:29,0.3263134934583729,7,0,70.0
2025-12-18 14:42:29,0.20322140509285422,7,0,70.0
2025-12-18 14:42:29,0.2539719827215692,7,0,70.0
2025-12-18 14:42:29,0.2539719827215692,7,0,70.0
2025-12-18 14:42:29,0.2855287500330186,7,0,70.0
2025-12-18 14:42:29,0.2855287500330186,7,0,70.0
2025-12-18 14:42:29,0.3077095421223062,7,0,70.0
2025-12-18 14:42:29,0.3052836675349575,7,0,70.0
2025-12-18 14:42:29,0.3052836675349575,7,0,70.0
2025-12-18 14:42:29,0.24020413397481205,7,0,70.0
2025-12-18 14:42:29,0.24020413397481205,7,0,70.0
2025-12-18 14:42:29,0.25098053589061525,7,0,70.0
2025-12-18 14:42:29,0.29708228611710996,7,0,70.0
2025-12-18 14:42:30,0.29708228611710996,7,0,70.0
2025-12-18 14:42:30,0.29061814287911,7,0,70.0
2025-12-18 14:42:30,0.3162939508133398,7,0,70.0
2025-12-18 14:42:30,0.3162939508133398,7,0,70.0
2025-12-18 14:42:30,0.3395300100757576,7,0,70.0
2025-12-18 14:42:30,0.3395300100757576,7,0,70.0
2025-12-18 14:42:30,0.3293907693490774,7,0,70.0
2025-12-18 14:42:30,0.3586754735665299,7,0,70.0
2025-12-18 14:42:30,0.34774004067602626,7,0,70.0
2025-12-18 14:42:30,0.34774004067602626,7,0,70.0
2025-12-18 14:42:30,0.3652528967931453,7,0,70.0
2025-12-18 14:42:30,0.3652528967931453,7,0,70.0
2025-12-18 14:42:30,0.35926081068001736,7,0,70.0
2025-12-18 14:42:30,0.368698271196208,7,0,70.0
2025-12-18 14:42:30,0.368698271196208,7,0,70.0
2025-12-18 14:42:31,0.3380884332292704,7,0,70.0
2025-12-18 14:42:31,0.2100285122930869,7,0,70.0
2025-12-18 14:42:31,0.20514492037695842,7,0,70.0
2025-12-18 14:42:31,0.2837454639982904,7,0,70.0
2025-12-18 14:42:31,0.3249076706017212,7,0,70.0
2025-12-18 14:42:31,0.3249076706017212,7,0,70.0
2025-12-18 14:42:31,0.3509540242596292,7,0,70.0
2025-12-18 14:42:31,0.37271108872907055,7,0,70.0
2025-12-18 14:42:31,0.37271108872907055,7,0,70.0
2025-12-18 14:42:31,0.277517797405119,7,0,70.0
2025-12-18 14:42:31,0.21245187178754035,7,0,70.0
2025-12-18 14:42:31,0.21245187178754035,7,0,70.0
2025-12-18 14:42:31,0.2855118749231313,7,0,70.0
2025-12-18 14:42:31,0.3413851110323668,7,0,70.0
2025-12-18 14:42:31,0.3413851110323668,7,0,70.0
2025-12-18 14:42:31,0.33229643204877757,7,0,70.0
2025-12-18 14:42:31,0.33229643204877757,7,0,70.0
2025-12-18 14:42:32,0.2136872661350312,7,0,70.0
2025-12-18 14:42:32,0.26394188731978546,7,0,70.0
2025-12-18 14:42:32,0.26394188731978546,7,0,70.0
2025-12-18 14:42:32,0.3194086746038691,7,0,70.0
2025-12-18 14:42:32,0.33342755249651707,7,0,70.0
2025-12-18 14:42:32,0.31175099721671684,7,0,70.0
2025-12-18 14:42:32,0.25751034399271383,7,0,70.0
2025-12-18 14:42:32,0.25751034399271383,7,0,70.0
2025-12-18 14:42:32,0.21560006934039538,7,0,70.0
2025-12-18 14:42:32,0.21560006934039538,7,0,70.0
2025-12-18 14:42:32,0.3177126228805548,7,0,70.0
2025-12-18 14:42:32,0.3661295471679036,7,0,70.0
2025-12-18 14:42:32,0.2747049089263556,7,0,70.0
2025-12-18 14:42:32,0.2747049089263556,7,0,70.0
2025-12-18 14:42:32,0.20841977188931965,7,0,70.0
2025-12-18 14:42:32,0.20841977188931965,7,0,70.0
2025-12-18 14:42:32,0.2911565931215268,7,0,70.0
2025-12-18 14:42:33,0.330482614066075,7,0,70.0
2025-12-18 14:42:33,0.330482614066075,7,0,70.0
2025-12-18 14:42:33,0.330482614066075,7,0,70.0
2025-12-18 14:42:33,0.33503379515718157,7,0,70.0
2025-12-18 14:42:33,0.25512360414298,7,0,70.0
2025-12-18 14:42:33,0.21213103014192725,7,0,70.0
2025-12-18 14:42:33,0.21213103014192725,7,0,70.0
2025-12-18 14:42:33,0.21987527264644402,7,0,70.0
2025-12-18 14:42:33,0.3042946164871028,8,0,80.0
2025-12-18 14:42:33,0.3440015045769279,8,0,80.0
2025-12-18 14:42:33,0.3705173423669671,8,0,80.0
2025-12-18 14:42:33,0.3705173423669671,8,0,80.0
2025-12-18 14:42:33,0.3551846219465008,8,0,80.0
2025-12-18 14:42:33,0.3551846219465008,8,0,80.0
2025-12-18 14:42:33,0.3772589299164897,8,0,80.0
2025-12-18 14:42:33,0.3772589299164897,8,0,80.0
2025-12-18 14:42:33,0.37508651403397764,8,0,80.0
2025-12-18 14:42:33,0.37508651403397764,8,0,80.0
2025-12-18 14:42:33,0.29774539947542394,8,0,80.0
2025-12-18 14:42:34,0.24368949835024284,8,0,80.0
2025-12-18 14:42:34,0.25055371602569604,8,0,80.0
2025-12-18 14:42:34,0.25055371602569604,8,0,80.0
2025-12-18 14:42:34,0.3033515448939177,8,0,80.0
2025-12-18 14:42:34,0.3033515448939177,8,0,80.0
2025-12-18 14:42:34,0.3033515448939177,8,0,80.0
2025-12-18 14:42:34,0.3613954020123948,8,0,80.0
2025-12-18 14:42:34,0.37872043218697005,8,0,80.0
2025-12-18 14:42:34,0.3810039938064123,8,0,80.0
2025-12-18 14:42:34,0.3810039938064123,8,0,80.0
2025-12-18 14:42:34,0.41078637663490697,8,0,80.0
2025-12-18 14:42:34,0.3949128600287102,8,0,80.0
2025-12-18 14:42:34,0.4113949205497729,8,0,80.0
2025-12-18 14:42:34,0.4113949205497729,8,0,80.0
2025-12-18 14:42:34,0.38747121658090167,8,0,80.0
2025-12-18 14:42:34,0.3858718100788853,8,0,80.0
2025-12-18 14:42:34,0.3858718100788853,8,0,80.0
2025-12-18 14:42:34,0.34675529123206505,8,0,80.0
2025-12-18 14:42:34,0.35458869045903707,8,0,80.0
2025-12-18 14:42:35,0.35458869045903707,8,0,80.0
2025-12-18 14:42:35,0.35458869045903707,8,0,80.0
2025-12-18 14:42:35,0.3577092844681168,8,0,80.0
2025-12-18 14:42:35,0.242140433816109,8,0,80.0
2025-12-18 14:42:35,0.2363653456862389,8,0,80.0
2025-12-18 14:42:35,0.2363653456862389,8,0,80.0
2025-12-18 14:42:35,0.241158451063213,8,0,80.0
2025-12-18 14:42:35,0.241158451063213,8,0,80.0
2025-12-18 14:42:35,0.241158451063213,8,0,80.0
2025-12-18 14:42:35,0.3452364871821761,9,0,90.0
2025-12-18 14:42:35,0.3533820626563422,9,0,90.0
2025-12-18 14:42:35,0.36019535782921297,9,0,90.0
2025-12-18 14:42:35,0.36019535782921297,9,0,90.0
2025-12-18 14:42:35,0.3727520416536384,9,0,90.0
2025-12-18 14:42:35,0.3727520416536384,9,0,90.0
2025-12-18 14:42:35,0.3852536474288569,9,0,90.0
2025-12-18 14:42:35,0.3852536474288569,9,0,90.0
2025-12-18 14:42:35,0.37943404029432304,9,0,90.0
2025-12-18 14:42:35,0.35554667732629464,9,0,90.0
2025-12-18 14:42:36,0.30320428527187937,9,0,90.0
2025-12-18 14:42:36,0.30320428527187937,9,0,90.0
2025-12-18 14:42:36,0.22740560782668262,9,0,90.0
2025-12-18 14:42:36,0.2443855661996387,9,0,90.0
2025-12-18 14:42:36,0.3009025319303415,9,0,90.0
2025-12-18 14:42:36,0.3009025319303415,9,0,90.0
2025-12-18 14:42:36,0.36257874781911803,9,0,90.0
2025-12-18 14:42:36,0.37214927358353656,9,0,90.0
2025-12-18 14:42:36,0.37214927358353656,9,0,90.0
2025-12-18 14:42:36,0.37301062234234506,9,0,90.0
2025-12-18 14:42:36,0.36839834011229555,9,0,90.0
2025-12-18 14:42:36,0.3685067084180589,9,0,90.0
2025-12-18 14:42:36,0.3685067084180589,9,0,90.0
2025-12-18 14:42:36,0.3109831172777562,9,0,90.0
2025-12-18 14:42:36,0.3109831172777562,9,0,90.0
2025-12-18 14:42:36,0.22780195892348784,9,0,90.0
2025-12-18 14:42:36,0.2139017896534433,9,0,90.0
2025-12-18 14:42:36,0.2918682936999094,9,0,90.0
2025-12-18 14:42:36,0.3330113033811402,9,0,90.0
2025-12-18 14:42:36,0.3330113033811402,9,0,90.0
2025-12-18 14:42:37,0.2831049662307047,9,0,90.0
2025-12-18 14:42:37,0.2831049662307047,9,0,90.0
2025-12-18 14:42:37,0.23483580076732968,9,0,90.0
2025-12-18 14:42:37,0.266625078870508,9,0,90.0
2025-12-18 14:42:37,0.307425615297184,9,0,90.0
2025-12-18 14:42:37,0.307425615297184,9,0,90.0
2025-12-18 14:42:37,0.307425615297184,9,0,90.0
2025-12-18 14:42:37,0.3525906653091992,9,0,90.0
2025-12-18 14:42:37,0.36432428668475825,9,0,90.0
2025-12-18 14:42:37,0.36432428668475825,9,0,90.0
2025-12-18 14:42:37,0.3572683416577944,9,0,90.0
2025-12-18 14:42:37,0.3470531107521817,9,0,90.0
2025-12-18 14:42:37,0.3470531107521817,9,0,90.0
2025-12-18 14:42:37,0.3437410513146717,9,0,90.0
2025-12-18 14:42:37,0.29240804633981154,9,0,90.0
2025-12-18 14:42:37,0.3314175805299247,9,0,90.0
2025-12-18 14:42:37,0.3314175805299247,9,0,90.0
2025-12-18 14:42:37,0.34798029796464586,9,0,90.0
2025-12-18 14:42:37,0.34798029796464586,9,0,90.0
2025-12-18 14:42:37,0.3354708740849143,9,0,90.0
2025-12-18 14:42:38,0.3365705849678466,9,0,90.0
2025-12-18 14:42:38,0.33521813410048934,9,0,90.0
2025-12-18 14:42:38,0.34393383177426584,9,0,90.0
2025-12-18 14:42:38,0.34393383177426584,9,0,90.0
2025-12-18 14:42:38,0.34481157057652106,9,0,90.0
2025-12-18 14:42:38,0.3141284458172423,9,1,90.0
2025-12-18 14:42:38,0.26271392052042747,9,2,90.0
2025-12-18 14:42:38,0.26271392052042747,9,0,90.0
2025-12-18 14:42:38,0.26271392052042747,9,1,90.0
2025-12-18 14:42:38,0.19261426098041073,9,2,90.0
2025-12-18 14:42:38,0.16483860692950364,9,0,90.0
2025-12-18 14:42:38,0.16483860692950364,9,1,90.0
2025-12-18 14:42:38,0.11797825550000057,9,2,90.0
2025-12-18 14:42:38,0.11797825550000057,9,0,90.0
2025-12-18 14:42:38,0.14793619358164128,9,1,90.0
2025-12-18 14:42:38,0.1470709066073852,9,1,90.0
2025-12-18 14:42:38,0.1470709066073852,9,1,90.0
2025-12-18 14:42:38,0.17324594166232882,9,1,90.0
2025-12-18 14:42:39,0.17324594166232882,9,1,90.0
2025-12-18 14:42:39,0.2267264433676328,9,1,90.0
2025-12-18 14:42:39,0.2678791248998327,10,1,100
2025-12-18 14:42:39,0.32305363970536993,10,1,100
2025-12-18 14:42:39,0.36306289076141257,10,1,100
2025-12-18 14:42:39,0.37424895581509965,10,1,100
2025-12-18 14:42:39,0.35163543789706786,10,1,100
2025-12-18 14:42:39,0.35163543789706786,10,1,100
2025-12-18 14:42:39,0.3508701988718604,10,1,100
2025-12-18 14:42:39,0.31060890568772875,10,1,100
2025-12-18 14:42:39,0.30998394986620575,10,1,100
2025-12-18 14:42:39,0.3394376572334725,10,1,100
2025-12-18 14:42:39,0.3394376572334725,10,1,100
2025-12-18 14:42:39,0.3133433436903845,10,1,100
2025-12-18 14:42:39,0.3067461198117069,10,1,100
2025-12-18 14:42:39,0.3067461198117069,10,1,100
2025-12-18 14:42:40,0.2889251182169498,10,2,100
2025-12-18 14:42:40,0.2889251182169498,10,0,100
2025-12-18 14:42:40,0.29576387001707244,10,1,100
2025-12-18 14:42:40,0.26067655392813005,10,1,100
2025-12-18 14:42:40,0.26067655392813005,10,1,100
2025-12-18 14:42:40,0.2597071505382963,10,1,100
2025-12-18 14:42:40,0.26348811493955393,10,1,100
2025-12-18 14:42:40,0.26348811493955393,10,1,100
2025-12-18 14:42:40,0.2666664219182632,10,1,100
2025-12-18 14:42:40,0.2666664219182632,10,1,100
2025-12-18 14:42:40,0.163109895806504,10,1,100
2025-12-18 14:42:40,0.1456085208748022,10,1,100
2025-12-18 14:42:40,0.1456085208748022,10,1,100
2025-12-18 14:42:40,0.31601345604256365,11,1,100
2025-12-18 14:42:40,0.34827931027476267,11,1,100
2025-12-18 14:42:40,0.34827931027476267,11,1,100
2025-12-18 14:42:41,0.3769914436892572,11,1,100
2025-12-18 14:42:41,0.3878533860826301,11,1,100
2025-12-18 14:42:41,0.3878533860826301,11,1,100
2025-12-18 14:42:41,0.2364576555059098,11,1,100
2025-12-18 14:42:41,0.22829897811410566,11,1,100
2025-12-18 14:42:41,0.22829897811410566,11,1,100
2025-12-18 14:42:41,0.3492038252269926,12,1,100
2025-12-18 14:42:41,0.34465936874722136,12,1,100
2025-12-18 14:42:41,0.34465936874722136,12,1,100
2025-12-18 14:42:41,0.29562469178551315,12,1,100
2025-12-18 14:42:41,0.29562469178551315,12,1,100
2025-12-18 14:42:41,0.22748375119225273,12,1,100
2025-12-18 14:42:41,0.26695320795682964,12,1,100
2025-12-18 14:42:41,0.26695320795682964,12,1,100
2025-12-18 14:42:41,0.3405149655353934,12,1,100
2025-12-18 14:42:41,0.3405149655353934,12,1,100
2025-12-18 14:42:41,0.35452949759471375,12,1,100
2025-12-18 14:42:41,0.33355946199601105,12,1,100
2025-12-18 14:42:42,0.33355946199601105,12,1,100
2025-12-18 14:42:42,0.3492038252269926,12,1,100
2025-12-18 14:42:42,0.36483395162611676,12,1,100
2025-12-18 14:42:42,0.36483395162611676,12,1,100
2025-12-18 14:42:42,0.35800195204574903,12,1,100
2025-12-18 14:42:42,0.35256756710780546,12,1,100
2025-12-18 14:42:42,0.35256756710780546,12,1,100
2025-12-18 14:42:42,0.3560341519283231,12,1,100
2025-12-18 14:42:42,0.3560341519283231,12,1,100
2025-12-18 14:42:42,0.3154242931046879,12,1,100
2025-12-18 14:42:42,0.1610035814222901,12,1,100
2025-12-18 14:42:42,0.1610035814222901,12,1,100
2025-12-18 14:42:42,0.26103432683808825,12,1,100
2025-12-18 14:42:42,0.3506392858202072,12,1,100
2025-12-18 14:42:42,0.3506392858202072,12,1,100
2025-12-18 14:42:42,0.3883135965180837,12,1,100
2025-12-18 14:42:43,0.3883135965180837,12,1,100
2025-12-18 14:42:43,0.40865874097932986,12,1,100
2025-12-18 14:42:43,0.41321138240268496,12,1,100
2025-12-18 14:42:43,0.41321138240268496,12,1,100
2025-12-18 14:42:43,0.42407275365814223,12,1,100
2025-12-18 14:42:43,0.42407275365814223,12,1,100
2025-12-18 14:42:43,0.23470405354775908,12,1,100
2025-12-18 14:42:43,0.17617981274010036,12,1,100
2025-12-18 14:42:43,0.17617981274010036,12,1,100
2025-12-18 14:42:43,0.27723025568598947,13,1,100
2025-12-18 14:42:43,0.27723025568598947,13,1,100
2025-12-18 14:42:43,0.3941143406364246,13,1,100
2025-12-18 14:42:43,0.3943160791596174,13,1,100
2025-12-18 14:42:43,0.3943160791596174,13,1,100
2025-12-18 14:42:43,0.38655774040236557,13,1,100
2025-12-18 14:42:43,0.38655774040236557,13,1,100
2025-12-18 14:42:43,0.4049955397647042,13,1,100
2025-12-18 14:42:43,0.41062731788173223,13,1,100
2025-12-18 14:42:43,0.41062731788173223,13,1,100
2025-12-18 14:42:44,0.41660642922389857,13,1,100
2025-12-18 14:42:44,0.41660642922389857,13,1,100
2025-12-18 14:42:44,0.3873059826872526,13,1,100
2025-12-18 14:42:44,0.3886082475103159,13,1,100
2025-12-18 14:42:44,0.3886082475103159,13,1,100
2025-12-18 14:42:44,0.36830022740670076,13,1,100
2025-12-18 14:42:44,0.3089915219604097,13,1,100
2025-12-18 14:42:44,0.3089915219604097,13,1,100
2025-12-18 14:42:44,0.2976435783602441,13,1,100
2025-12-18 14:42:44,0.2976435783602441,13,1,100
2025-12-18 14:42:44,0.3808481707565704,13,1,100
2025-12-18 14:42:44,0.41550733196126177,13,1,100
2025-12-18 14:42:44,0.41550733196126177,13,1,100
2025-12-18 14:42:44,0.39771677656732185,13,1,100
2025-12-18 14:42:44,0.39771677656732185,13,1,100
2025-12-18 14:42:44,0.47048364304243595,13,1,100
2025-12-18 14:42:44,0.4534153459152207,13,1,100
2025-12-18 14:42:45,0.4534153459152207,13,1,100
2025-12-18 14:42:45,0.43613681656364833,13,1,100
2025-12-18 14:42:45,0.44823660252951786,13,1,100
2025-12-18 14:42:45,0.44823660252951786,13,1,100
2025-12-18 14:42:45,0.404404493514696,13,1,100
2025-12-18 14:42:45,0.404404493514696,13,1,100
2025-12-18 14:42:45,0.4060154028178869,13,1,100
2025-12-18 14:42:45,0.3877126594553709,13,1,100
2025-12-18 14:42:45,0.3877126594553709,13,1,100
2025-12-18 14:42:45,0.2876247802375951,13,1,100
2025-12-18 14:42:45,0.254390728039134,13,1,100
2025-12-18 14:42:45,0.254390728039134,13,1,100
2025-12-18 14:42:45,0.32461234126251726,13,1,100
2025-12-18 14:42:45,0.4201189586350171,13,1,100
2025-12-18 14:42:45,0.4201189586350171,13,1,100
2025-12-18 14:42:45,0.3524566731599239,13,1,100
2025-12-18 14:42:46,0.36445727759705654,13,1,100
2025-12-18 14:42:46,0.36445727759705654,13,1,100
2025-12-18 14:42:46,0.34845951047740953,13,1,100
2025-12-18 14:42:46,0.34845951047740953,13,1,100
2025-12-18 14:42:46,0.3544465568104348,13,1,100
2025-12-18 14:42:46,0.32953101261133133,13,1,100
2025-12-18 14:42:46,0.32953101261133133,13,1,100
2025-12-18 14:42:46,0.3196782991504385,13,1,100
2025-12-18 14:42:46,0.3196782991504385,13,1,100
2025-12-18 14:42:46,0.31752585094415486,13,1,100
2025-12-18 14:42:46,0.3311634830046568,13,1,100
2025-12-18 14:42:46,0.3311634830046568,13,1,100
2025-12-18 14:42:46,0.32785874822389516,13,1,100
2025-12-18 14:42:46,0.32785874822389516,13,1,100
2025-12-18 14:42:46,0.32632628419314935,13,1,100
2025-12-18 14:42:46,0.30393033130963365,13,1,100
2025-12-18 14:42:46,0.30393033130963365,13,1,100
2025-12-18 14:42:46,0.286122689247043,13,1,100
2025-12-18 14:42:46,0.286122689247043,13,1,100
2025-12-18 14:42:47,0.30610672778788034,13,1,100
2025-12-18 14:42:47,0.29955727747649663,13,1,100
2025-12-18 14:42:47,0.29955727747649663,13,1,100
2025-12-18 14:42:47,0.0,13,1,100
2025-12-18 14:42:47,0.2958002843994144,13,1,100
2025-12-18 14:42:47,0.2958002843994144,13,1,100
2025-12-18 14:42:47,0.0,13,1,100
2025-12-18 14:42:47,0.0,13,1,100
2025-12-18 14:42:47,0.3139586347312333,13,1,100
2025-12-18 14:42:47,0.3139586347312333,13,1,100
2025-12-18 14:42:47,0.32259359766066775,13,1,100
2025-12-18 14:42:47,0.0,13,1,100
2025-12-18 14:42:47,0.0,13,1,100
2025-12-18 14:42:47,0.0,13,1,100
2025-12-18 14:42:47,0.0,13,1,100
2025-12-18 14:42:47,0.3129961839766462,13,1,100
2025-12-18 14:42:47,0.2477600571497737,13,1,100
2025-12-18 14:42:47,0.2477600571497737,13,1,100
2025-12-18 14:42:47,0.27867775321577504,13,1,100
2025-12-18 14:42:48,0.27867775321577504,13,1,100
2025-12-18 14:42:48,0.300645723095752,13,1,100
2025-12-18 14:42:48,0.300645723095752,13,1,100
2025-12-18 14:42:48,0.0,13,1,100
2025-12-18 14:42:48,0.0,13,1,100
2025-12-18 14:42:48,0.0,13,1,100
2025-12-18 14:42:48,0.0,13,1,100
2025-12-18 14:42:48,0.21612977036861034,13,1,100
2025-12-18 14:42:48,0.21612977036861034,13,1,100
2025-12-18 14:42:48,0.0,13,1,100
2025-12-18 14:42:48,0.0,13,1,100
2025-12-18 14:42:48,0.0,13,1,100
2025-12-18 14:42:48,0.0,13,1,100
2025-12-18 14:42:48,0.0,13,1,100
2025-12-18 14:42:48,0.0,13,1,100
2025-12-18 14:42:48,0.0,13,1,100
2025-12-18 14:42:48,0.3663577237015251,13,1,100
2025-12-18 14:42:48,0.3663577237015251,13,1,100
2025-12-18 14:42:48,0.3566824832023253,13,1,100
2025-12-18 14:42:49,0.354637214640488,13,1,100
2025-12-18 14:42:49,0.354637214640488,13,1,100
2025-12-18 14:42:49,0.2790793345772442,13,1,100
2025-12-18 14:42:49,0.2790793345772442,13,1,100
2025-12-18 14:42:49,0.0,13,1,100
2025-12-18 14:42:49,0.26375401146571364,13,1,100
2025-12-18 14:42:49,0.26375401146571364,13,1,100
2025-12-18 14:42:49,0.0,13,1,100
2025-12-18 14:42:49,0.0,13,1,100
2025-12-18 14:42:49,0.0,13,1,100
2025-12-18 14:42:49,0.0,13,1,100
2025-12-18 14:42:49,0.0,13,1,100
2025-12-18 14:42:49,0.33645791359936084,13,1,100
2025-12-18 14:42:49,0.33645791359936084,13,1,100
2025-12-18 14:42:49,0.33162754072979106,13,1,100
2025-12-18 14:42:49,0.30792803288521675,13,1,100
2025-12-18 14:42:49,0.30792803288521675,13,1,100
2025-12-18 14:42:49,0.28867952767396715,13,1,100
2025-12-18 14:42:49,0.28867952767396715,13,1,100
2025-12-18 14:42:49,0.3026505978868812,13,1,100
2025-12-18 14:42:50,0.3026505978868812,13,1,100
2025-12-18 14:42:50,0.2890369114855174,13,1,100
2025-12-18 14:42:50,0.28378294424795086,13,1,100
2025-12-18 14:42:50,0.28378294424795086,13,1,100
2025-12-18 14:42:50,0.0,13,1,100
2025-12-18 14:42:50,0.0,13,1,100
2025-12-18 14:42:50,0.3292234785825196,13,1,100
2025-12-18 14:42:50,0.0,13,1,100
2025-12-18 14:42:50,0.0,13,1,100
2025-12-18 14:42:50,0.0,13,1,100
2025-12-18 14:42:50,0.0,13,1,100
2025-12-18 14:42:50,0.0,13,1,100
2025-12-18 14:42:50,0.0,13,1,100
2025-12-18 14:42:50,0.0,13,1,100
2025-12-18 14:42:50,0.0,13,1,100
2025-12-18 14:42:50,0.0,13,1,100
2025-12-18 14:42:50,0.0,13,1,100
2025-12-18 14:42:50,0.0,13,1,100
2025-12-18 14:42:50,0.0,13,1,100
2025-12-18 14:42:51,0.0,13,1,100
2025-12-18 14:42:51,0.0,13,1,100
2025-12-18 14:42:51,0.0,13,1,100
2025-12-18 14:42:51,0.0,13,1,100
2025-12-18 14:42:51,0.0,13,1,100
2025-12-18 14:42:51,0.0,13,1,100
2025-12-18 14:42:51,0.0,13,1,100
2025-12-18 14:42:51,0.0,13,1,100
2025-12-18 14:42:51,0.0,13,1,100
2025-12-18 14:42:51,0.0,13,1,100
2025-12-18 14:42:51,0.0,13,1,100
2025-12-18 14:42:51,0.0,13,1,100
2025-12-18 14:42:51,0.0,13,1,100
2025-12-18 14:42:51,0.0,13,1,100
2025-12-18 14:42:51,0.0,13,1,100
2025-12-18 14:42:51,0.0,13,1,100
2025-12-18 14:42:51,0.0,13,1,100
2025-12-18 14:42:51,0.0,13,1,100
2025-12-18 14:42:51,0.0,13,1,100
2025-12-18 14:42:51,0.0,13,1,100
2025-12-18 14:42:52,0.0,13,1,100
2025-12-18 14:42:52,0.0,13,1,100
2025-12-18 14:42:52,0.0,13,1,100
2025-12-18 14:42:52,0.0,13,1,100
2025-12-18 14:42:52,0.0,13,1,100
2025-12-18 14:42:52,0.0,13,1,100
2025-12-18 14:42:52,0.0,13,1,100
2025-12-18 14:42:52,0.0,13,1,100
2025-12-18 14:42:52,0.0,13,1,100
2025-12-18 14:42:52,0.0,13,1,100
2025-12-18 14:42:52,0.0,13,1,100
2025-12-18 14:42:52,0.0,13,1,100
2025-12-18 14:42:52,0.0,13,1,100
2025-12-18 14:42:52,0.0,13,1,100
2025-12-18 14:42:52,0.0,13,1,100
2025-12-18 14:42:52,0.0,13,1,100
2025-12-18 14:42:52,0.0,13,1,100
2025-12-18 14:42:52,0.0,13,1,100
2025-12-18 14:42:52,0.0,13,1,100
2025-12-18 14:42:53,0.0,13,1,100
2025-12-18 14:42:53,0.0,13,1,100
2025-12-18 14:42:53,0.0,13,1,100
2025-12-18 14:42:53,0.0,13,1,100
2025-12-18 14:42:53,0.0,13,1,100
2025-12-18 14:42:53,0.0,13,1,100
2025-12-18 14:42:53,0.0,13,1,100
2025-12-18 14:42:53,0.0,13,1,100
2025-12-18 14:42:53,0.0,13,1,100
2025-12-18 14:42:53,0.0,13,1,100
2025-12-18 14:42:53,0.0,13,1,100
2025-12-18 14:42:53,0.0,13,1,100
2025-12-18 14:42:53,0.0,13,1,100
2025-12-18 14:42:53,0.0,13,1,100
2025-12-18 14:42:53,0.0,13,1,100
